20130623203632	http://www.cmegroup.com/tools-information/holiday-calendar/files/2013-good-friday-presidents-day.xls	56695	DYXMHC43DF57QWA7RN6ANSJ5PHV6DE5R
20140326193052	http://www.cmegroup.com/tools-information/holiday-calendar/files/2013-holiday-calendars.zip	1650177	DO7CU2DCKOAMEKDZQIXU6IAOD6KMTKST
20130309115301	http://www.cmegroup.com/tools-information/holiday-calendar/files/2013-martin-luther-king.xls	28418	TN5D2MIZDL3O76IS6ZCA6MZIFKGCW57M
20130623204106	http://www.cmegroup.com/tools-information/holiday-calendar/files/2013-presidents-day.xls	24796	XIEXIP76HZTMGVI3TDHBFU7FGG7S5X2M
20140326153914	http://www.cmegroup.com/tools-information/holiday-calendar/files/2014-4th-of-july-holiday-schedule.xls	23127	LH7MY25QSEWFAH5QODPYFGGH7EC42GVI
20140708032115	http://www.cmegroup.com/tools-information/holiday-calendar/files/2014-4th-of-july-holiday-schedule.xls	22564	5DPDEX7SOUQ2XCDDCQON3HDLCAWEKDXK
20140326153306	http://www.cmegroup.com/tools-information/holiday-calendar/files/2014-christmas-holiday-schedule.xls	10738	RPPLFZLRAVURKRIDILLJBXEYMXBQ2ZLW
20140826204712	http://www.cmegroup.com/tools-information/holiday-calendar/files/2014-cme-group-holiday-schedule.xls	144852	XI63KHEVJGHVFSF5AFKSGVOC6DLBZFDP
20140326160057	http://www.cmegroup.com/tools-information/holiday-calendar/files/2014-columbus-day-holiday-schedule.xls	6778	4XUCUHERDDQM6O6IRTHRCMFOFZCOFWS2
20140326154346	http://www.cmegroup.com/tools-information/holiday-calendar/files/2014-good-friday-holiday-schedule.xls	18988	JKSUMCBWFNOIZROMHJH2J3PHWRC7RZ5B
20140708024127	http://www.cmegroup.com/tools-information/holiday-calendar/files/2014-good-friday-holiday-schedule.xls	19014	YFST7CVW6BDHODONQ6WCIBSWNOGP3C2L
20150326121739	http://www.cmegroup.com/tools-information/holiday-calendar/files/2014-holiday-calendars.zip	995496	YDSTGCQEAU6P6YF66QEV5WZJ55MPPN4W
20140326220207	http://www.cmegroup.com/tools-information/holiday-calendar/files/2014-labor-day-holiday-schedule.xls	23370	SRP2DRU63O3O424EAHPRDR6LQPOBQUBH
20140326155006	http://www.cmegroup.com/tools-information/holiday-calendar/files/2014-martin-luther-king-holiday-schedule.xls	28186	KCIVJFOVQE5VXUXMJCUGAAGSFLHHBZWG
20140326153812	http://www.cmegroup.com/tools-information/holiday-calendar/files/2014-memorial-day-holiday-schedule.xls	24521	UDKAFHFZ653GCZZJVZ5B7BVAO7EGQJUQ
20140708022003	http://www.cmegroup.com/tools-information/holiday-calendar/files/2014-memorial-day-holiday-schedule.xls	25388	344EW5Q7LIOD7HXS337LV4QFLMLVOB2W
20140326153120	http://www.cmegroup.com/tools-information/holiday-calendar/files/2014-presidents-day-holiday-schedule.xls	27507	J3EAJEBVIWIZ7HDTTTTZOCFYBJGFY5V2
20140326153109	http://www.cmegroup.com/tools-information/holiday-calendar/files/2014-thanksgiving-holiday-schedule.xls	22295	SLJVB5GHXZIACMJ6YS4WQJEIFKBBQQUY
20140708015206	http://www.cmegroup.com/tools-information/holiday-calendar/files/2014-thanksgiving-holiday-schedule.xls	22533	K5W4XCODGJ6WXNCZBCOOCTJWQMLNJIPD
20140326155155	http://www.cmegroup.com/tools-information/holiday-calendar/files/2014-veterans-day-holiday-schedule.xls	4760	ZIW74U5FJASY74LXJMQUBQ57R6RNWMWS
20150326113453	http://www.cmegroup.com/tools-information/holiday-calendar/files/2015-4th-of-july-holiday-schedule.xls	18840	MQKGEACDYPLZUFC62DKPZHXBXJVQKXIR
20150905224045	http://www.cmegroup.com/tools-information/holiday-calendar/files/2015-4th-of-july-holiday-schedule.xls	18961	F3ECAWUACBKBNHOFXRJGJ3ETTORYQ55T
20150326080923	http://www.cmegroup.com/tools-information/holiday-calendar/files/2015-christmas-holiday-schedule.xls	10704	X655PK6DHUU7ES3YIWWUE5FKRJMNKKM2
20150905223328	http://www.cmegroup.com/tools-information/holiday-calendar/files/2015-christmas-holiday-schedule.xls	13897	KIQEEQ7NPNETLVM5IJJKNG5QWDI42RRB
20151203081205	http://www.cmegroup.com:80/tools-information/holiday-calendar/files/2015-christmas-holiday-schedule.xls	10885	HW74BKASBVGBGDWKXXCN3WJF6YLVUMEM
20160205173603	http://www.cmegroup.com/tools-information/holiday-calendar/files/2015-christmas-holiday-schedule.xls	11035	AM7S4JPG3Q2MMK2WFI7PIBDHOUL24RKT
20150320071217	http://www.cmegroup.com/tools-information/holiday-calendar/files/2015-cme-group-holiday-schedule.xls	114079	4SD7I32UT6P4PYL45WKAHYJAGJR2SJKO
20150326113300	http://www.cmegroup.com/tools-information/holiday-calendar/files/2015-columbus-day-holiday-schedule.xls	6731	A4AGZ7NCPKOOP4YGNQYC36MGCBLYN44D
20150326081240	http://www.cmegroup.com/tools-information/holiday-calendar/files/2015-good-friday-holiday-schedule.xls	15930	P7JI5M5F6HVN3AFE264SRNQ6NWRJLF3T
20150905223558	http://www.cmegroup.com/tools-information/holiday-calendar/files/2015-good-friday-holiday-schedule.xls	15901	4ERL7M4UKXTLYIQOGY76PZHZDOIZANBG
20160808150227	http://www.cmegroup.com/tools-information/holiday-calendar/files/2015-holiday-calendars.zip	825125	5ZESM3T62DVLVGZA5EIHSGT4UQAJPNXB
20150326073728	http://www.cmegroup.com/tools-information/holiday-calendar/files/2015-labor-day-holiday-schedule.xls	25175	JB366SWQPGB4LQD7KQJYI3ECT45RIVRS
20150905221329	http://www.cmegroup.com/tools-information/holiday-calendar/files/2015-labor-day-holiday-schedule.xls	25268	3GZFY2UGIAX4ORTB35UNOF7EVFUSXNI7
20150326081057	http://www.cmegroup.com/tools-information/holiday-calendar/files/2015-martin-luther-king-holiday-schedule.xls	25007	LDBJIGNUUH6JPQOVYAFDYKLZOMXKWETP
20150326080234	http://www.cmegroup.com/tools-information/holiday-calendar/files/2015-memorial-day-holiday-schedule.xls	25070	LNCPECKC22TH7AEWEUACP3VOF3VR7QQQ
20150905222827	http://www.cmegroup.com/tools-information/holiday-calendar/files/2015-memorial-day-holiday-schedule.xls	25081	N3UVDDCFX6WKRJGM4GFE45SP2OEUCME6
20140326160333	http://www.cmegroup.com/tools-information/holiday-calendar/files/2015-new-years-holiday-schedule.xls	11380	OCQQEQ6ZD6H7GLFPEA56DN43UTT46UGH
20150326113344	http://www.cmegroup.com/tools-information/holiday-calendar/files/2015-presidents-day-holiday-schedule.xls	25549	JQQQREXOEXKGQEA5CD6EHL3GGSIE37ZM
20150326081728	http://www.cmegroup.com/tools-information/holiday-calendar/files/2015-thanksgiving-holiday-schedule.xls	21971	4SQSTHRCZH445O6NSLE7SH3WOK2I62X4
20150905223959	http://www.cmegroup.com/tools-information/holiday-calendar/files/2015-thanksgiving-holiday-schedule.xls	25313	KIVLGDCTL3PX4YPS37QMNCDHTEPJAXIV
20151203081209	http://www.cmegroup.com:80/tools-information/holiday-calendar/files/2015-thanksgiving-holiday-schedule.xls	23798	3ZFVYIPQFRX3JJHG4N6VCPDYYFQVZ2BX
20150326113806	http://www.cmegroup.com/tools-information/holiday-calendar/files/2015-veterans-day-holiday-schedule.xls	4718	ITVRN3PKIJRPNVAYLKMABJ2ZXLLFM2Y2
20150326121932	http://www.cmegroup.com/tools-information/holiday-calendar/files/2016-new-years-holiday-schedule.xls	10954	EVIGLQ5GFEPH7DH6G47D3RSP4SO3VINC
20150905223948	http://www.cmegroup.com/tools-information/holiday-calendar/files/2016-new-years-holiday-schedule.xls	14085	YJ5HK4DSDXGLTFKKT6BSB64WYS65UTIW
20151203081729	http://www.cmegroup.com:80/tools-information/holiday-calendar/files/2016-new-years-holiday-schedule.xls	11123	QD2KN7NKJAN4CQBYOSQEQ6WEDLOZUGFU
