name	source	covered	outside	unresolved	days	cov2025	out2025	unres2025	subdays	unsourced_rows	table_rows	gap_records	gap_buckets
nasdaq	exchange	6190	380	4	6574	724	370	1	1095	4	Some(194)	14	resolution_edge=15 (2010-11-25..2010-11-25, 2010-11-27..2010-11-28, 2011-11-24..2011-11-24, 2011-11-26..2011-11-27, 2012-10-27..2012-10-29, 2012-10-31..2012-10-31, 2025-01-08..2025-01-08, 2025-01-10..2025-01-12, 2026-12-31..2026-12-31) in2025+=5; windows=365 (2027-01-01..2027-12-31) in2025+=365; withheld=4 (2010-11-26..2010-11-26, 2011-11-25..2011-11-25, 2012-10-30..2012-10-30, 2025-01-09..2025-01-09) in2025+=1
nyse	exchange	6574	0	0	6574	1095	0	0	1095	0	Some(217)	2	
cme	exchange	5348	1042	184	6574	905	145	45	1095	184	Some(231)	1201	phase=734 (734 spans, 2012-06-03..2012-06-03 .. 2026-08-16..2026-08-16) in2025+=85[#79]; resolution_edge=308 (282 spans, 2010-01-16..2010-01-17 .. 2027-12-31..2027-12-31) in2025+=60; withheld=184 (184 spans, 2010-01-18..2010-01-18 .. 2027-11-26..2027-11-26) in2025+=45
cbot	exchange	5924	448	202	6574	955	82	58	1095	202	Some(249)	494	carried=73 (2010-01-01..2010-03-14) in2025+=0; resolution_edge=375 (290 spans, 2010-03-15..2010-03-15 .. 2027-12-31..2027-12-31) in2025+=82; withheld=202 (202 spans, 2010-04-02..2010-04-02 .. 2027-12-23..2027-12-23) in2025+=58
comex	exchange	4957	1611	6	6574	1011	84	0	1095	6	Some(223)	753	carried=861 (2010-01-01..2012-05-10) in2025+=0; phase=732 (732 spans, 2012-06-03..2012-06-03 .. 2026-08-16..2026-08-16) in2025+=83[#79]; resolution_edge=18 (2012-05-11..2012-05-12, 2019-06-18..2019-06-18, 2019-06-20..2019-06-22, 2020-06-18..2020-06-18, 2020-06-20..2020-06-20, 2021-06-18..2021-06-18, 2023-01-13..2023-01-14, 2023-01-17..2023-01-17, 2023-02-17..2023-02-18, 2023-02-21..2023-02-21, 2023-04-06..2023-04-06, 2023-04-08..2023-04-08, 2027-12-31..2027-12-31) in2025+=1; withheld=6 (2019-06-19..2019-06-19, 2020-06-19..2020-06-19, 2021-06-19..2021-06-19, 2023-01-16..2023-01-16, 2023-02-20..2023-02-20, 2023-04-07..2023-04-07) in2025+=0
nymex	exchange	4957	1611	6	6574	1011	84	0	1095	6	Some(223)	753	carried=861 (2010-01-01..2012-05-10) in2025+=0; phase=732 (732 spans, 2012-06-03..2012-06-03 .. 2026-08-16..2026-08-16) in2025+=83[#79]; resolution_edge=18 (2012-05-11..2012-05-12, 2019-06-18..2019-06-18, 2019-06-20..2019-06-22, 2020-06-18..2020-06-18, 2020-06-20..2020-06-20, 2021-06-18..2021-06-18, 2023-01-13..2023-01-14, 2023-01-17..2023-01-17, 2023-02-17..2023-02-18, 2023-02-21..2023-02-21, 2023-04-06..2023-04-06, 2023-04-08..2023-04-08, 2027-12-31..2027-12-31) in2025+=1; withheld=6 (2019-06-19..2019-06-19, 2020-06-19..2020-06-19, 2021-06-19..2021-06-19, 2023-01-16..2023-01-16, 2023-02-20..2023-02-20, 2023-04-07..2023-04-07) in2025+=0
cfe	exchange	3547	3026	1	6574	729	366	0	1095	1	Some(113)	7	resolution_edge=5 (2017-04-10..2017-04-10, 2017-07-01..2017-07-02, 2017-07-04..2017-07-04, 2026-12-31..2026-12-31) in2025+=1; windows=3021 (2010-01-01..2017-04-09, 2027-01-01..2027-12-31) in2025+=365; withheld=1 (2017-07-03..2017-07-03) in2025+=0
coinbase_derivatives	exchange	1892	4680	2	6574	614	481	0	1095	2	Some(58)	8	resolution_edge=4 (2021-06-28..2021-06-28, 2022-11-23..2022-11-23, 2022-11-26..2022-11-26, 2026-09-07..2026-09-07) in2025+=1; windows=4676 (2010-01-01..2021-06-27, 2026-09-08..2027-12-31) in2025+=480; withheld=2 (2022-11-24..2022-11-24, 2022-11-25..2022-11-25) in2025+=0
eurex	exchange	0	6574	0	6574	0	1095	0	1095	0	Some(108)	4	unpublished=6209 (2010-01-01..2010-01-03, 2010-01-04..2026-12-30, 2026-12-31..2026-12-31) in2025+=730[#157]; windows=365 (2027-01-01..2027-12-31) in2025+=365
iceus	exchange	945	5588	41	6574	945	109	41	1095	41	Some(48)	112	resolution_edge=109 (68 spans, 2025-01-01..2025-01-01 .. 2027-12-28..2027-12-28) in2025+=109; windows=5479 (2010-01-01..2024-12-31) in2025+=0; withheld=41 (41 spans, 2025-01-09..2025-01-09 .. 2027-12-27..2027-12-27) in2025+=41
asx	exchange	5218	1356	0	6574	1094	1	0	1095	0	Some(174)	4	carried=1354 (2010-01-01..2013-09-15) in2025+=0; resolution_edge=2 (2013-09-16..2013-09-16, 2027-12-31..2027-12-31) in2025+=1
nzx	exchange	5954	620	0	6574	729	366	0	1095	0	Some(214)	7	carried=4 (2010-01-01..2010-01-04) in2025+=0; resolution_edge=14 (2010-01-05..2010-01-05, 2016-04-23..2016-04-25, 2016-12-23..2016-12-27, 2026-12-31..2027-01-04) in2025+=5; windows=602 (2016-04-26..2016-12-22, 2027-01-05..2027-12-31) in2025+=361
tse	exchange	6573	1	0	6574	1094	1	0	1095	0	Some(295)	2	resolution_edge=1 (2027-12-31..2027-12-31) in2025+=1
nse_india	exchange	5417	1143	14	6574	720	373	2	1095	14	Some(216)	50	resolution_edge=47 (33 spans, 2010-11-04..2010-11-04 .. 2026-12-31..2026-12-31) in2025+=8; windows=1096 (2012-01-01..2012-12-31, 2018-01-01..2018-12-31, 2027-01-01..2027-12-31) in2025+=365; withheld=14 (2010-11-05..2010-11-05, 2011-10-26..2011-10-26, 2013-11-03..2013-11-03, 2014-10-23..2014-10-23, 2015-11-11..2015-11-11, 2016-10-30..2016-10-30, 2017-10-19..2017-10-19, 2019-10-27..2019-10-27, 2020-11-14..2020-11-14, 2022-10-24..2022-10-24, 2023-11-12..2023-11-12, 2024-11-01..2024-11-01, 2025-10-21..2025-10-21, 2026-11-08..2026-11-08) in2025+=2
hkex	exchange	6573	1	0	6574	1094	1	0	1095	0	Some(289)	2	resolution_edge=1 (2027-12-31..2027-12-31) in2025+=1
sgx_securities	exchange	2917	3657	0	6574	728	367	0	1095	0	Some(95)	9	carried=577 (2010-01-01..2011-07-31) in2025+=0; resolution_edge=5 (2014-01-01..2014-01-01, 2019-12-31..2019-12-31, 2020-01-01..2020-01-01, 2025-01-01..2025-01-01, 2026-12-31..2026-12-31) in2025+=2; windows=3075 (2011-08-01..2013-12-31, 2020-01-02..2024-12-31, 2027-01-01..2027-12-31) in2025+=365
sse	exchange	5840	734	0	6574	729	366	0	1095	0	Some(284)	4	resolution_edge=4 (2011-01-01..2011-01-03, 2026-12-31..2026-12-31) in2025+=1; windows=730 (2010-01-01..2010-12-31, 2027-01-01..2027-12-31) in2025+=365
lse	exchange	6555	14	5	6574	1076	14	5	1095	5	Some(184)	16	resolution_edge=14 (2025-04-17..2025-04-17, 2025-04-19..2025-04-20, 2025-04-22..2025-04-22, 2025-05-03..2025-05-04, 2025-05-06..2025-05-06, 2025-05-24..2025-05-25, 2025-05-27..2025-05-27, 2025-08-23..2025-08-24, 2025-08-26..2025-08-26, 2027-12-31..2027-12-31) in2025+=14; withheld=5 (2025-04-18..2025-04-18, 2025-04-21..2025-04-21, 2025-05-05..2025-05-05, 2025-05-26..2025-05-26, 2025-08-25..2025-08-25) in2025+=5
xetra	exchange	6573	1	0	6574	1094	1	0	1095	0	Some(127)	2	resolution_edge=1 (2027-12-31..2027-12-31) in2025+=1
six	exchange	5107	1467	0	6574	1094	1	0	1095	0	Some(134)	7	resolution_edge=7 (2012-01-01..2012-01-02, 2017-12-30..2017-12-31, 2020-01-01..2020-01-02, 2027-12-31..2027-12-31) in2025+=1; windows=1460 (2010-01-01..2011-12-31, 2018-01-01..2019-12-31) in2025+=0
euronext_paris	exchange	5842	730	2	6574	723	370	2	1095	2	Some(108)	8	carried=357 (2010-01-01..2010-12-23) in2025+=0; resolution_edge=8 (2010-12-24..2010-12-26, 2026-12-23..2026-12-23, 2026-12-25..2026-12-27, 2026-12-30..2026-12-30) in2025+=5; windows=365 (2027-01-01..2027-12-31) in2025+=365; withheld=2 (2026-12-24..2026-12-24, 2026-12-31..2026-12-31) in2025+=2
borsa_istanbul	exchange	5414	1160	0	6574	729	366	0	1095	0	Some(177)	5	carried=83 (2010-01-01..2010-03-24) in2025+=0; resolution_edge=4 (2012-03-02..2012-03-04, 2026-12-31..2026-12-31) in2025+=1; windows=1073 (2010-03-25..2012-03-01, 2027-01-01..2027-12-31) in2025+=365
tsx	exchange	6120	454	0	6574	729	366	0	1095	0	Some(178)	5	resolution_edge=5 (2011-10-08..2011-10-10, 2012-01-03..2012-01-03, 2026-12-31..2026-12-31) in2025+=1; windows=449 (2011-10-11..2012-01-02, 2027-01-01..2027-12-31) in2025+=365
tadawul	exchange	2553	4021	0	6574	1094	1	0	1095	0	Some(78)	5	carried=11 (2010-01-01..2010-01-11) in2025+=0; resolution_edge=3 (2021-01-01..2021-01-02, 2027-12-31..2027-12-31) in2025+=1; windows=4007 (2010-01-12..2020-12-31) in2025+=0
b3	exchange	5841	733	0	6574	729	366	0	1095	0	Some(224)	4	resolution_edge=3 (2011-01-01..2011-01-02, 2026-12-31..2026-12-31) in2025+=1; windows=730 (2010-01-01..2010-12-31, 2027-01-01..2027-12-31) in2025+=365
globex_equity_index	key	5824	744	6	6574	1011	84	0	1095	6	Some(231)	751	phase=732 (732 spans, 2012-06-03..2012-06-03 .. 2026-08-16..2026-08-16) in2025+=83[#79]; resolution_edge=12 (2019-06-18..2019-06-18, 2019-06-20..2019-06-20, 2020-06-18..2020-06-18, 2020-06-20..2020-06-20, 2021-06-18..2021-06-18, 2023-01-14..2023-01-14, 2023-01-17..2023-01-17, 2023-02-18..2023-02-18, 2023-02-21..2023-02-21, 2023-04-06..2023-04-06, 2023-04-08..2023-04-08, 2027-12-31..2027-12-31) in2025+=1; withheld=6 (2019-06-19..2019-06-19, 2020-06-19..2020-06-19, 2021-06-19..2021-06-19, 2023-01-16..2023-01-16, 2023-02-20..2023-02-20, 2023-04-07..2023-04-07) in2025+=0
globex_energy	key	4957	1611	6	6574	1011	84	0	1095	6	Some(223)	753	carried=861 (2010-01-01..2012-05-10) in2025+=0; phase=732 (732 spans, 2012-06-03..2012-06-03 .. 2026-08-16..2026-08-16) in2025+=83[#79]; resolution_edge=18 (2012-05-11..2012-05-12, 2019-06-18..2019-06-18, 2019-06-20..2019-06-22, 2020-06-18..2020-06-18, 2020-06-20..2020-06-20, 2021-06-18..2021-06-18, 2023-01-13..2023-01-14, 2023-01-17..2023-01-17, 2023-02-17..2023-02-18, 2023-02-21..2023-02-21, 2023-04-06..2023-04-06, 2023-04-08..2023-04-08, 2027-12-31..2027-12-31) in2025+=1; withheld=6 (2019-06-19..2019-06-19, 2020-06-19..2020-06-19, 2021-06-19..2021-06-19, 2023-01-16..2023-01-16, 2023-02-20..2023-02-20, 2023-04-07..2023-04-07) in2025+=0
globex_grains	key	1966	4604	4	6574	375	720	0	1095	4	Some(249)	975	carried=73 (2010-01-01..2010-03-14) in2025+=0; phase=322 (2012-05-20..2012-12-28, 2012-12-29..2012-12-30, 2012-12-31..2012-12-31, 2013-01-01..2013-01-01, 2013-01-02..2013-01-02, 2013-01-03..2013-04-05, 2013-04-06..2013-04-06) in2025+=0[#116]; postclose_label=4205 (959 spans, 2010-03-15..2010-03-15 .. 2027-12-31..2027-12-31) in2025+=720[#152]; resolution_edge=4 (2020-06-20..2020-06-20, 2021-06-20..2021-06-20, 2023-01-14..2023-01-15) in2025+=0; withheld=4 (2019-06-19..2019-06-19, 2020-06-19..2020-06-19, 2021-06-19..2021-06-19, 2023-01-16..2023-01-16) in2025+=0
globex_fx	key	4964	1604	6	6574	1011	84	0	1095	6	Some(214)	753	carried=853 (2010-01-01..2012-05-02) in2025+=0; phase=732 (732 spans, 2012-06-03..2012-06-03 .. 2026-08-16..2026-08-16) in2025+=83[#79]; resolution_edge=19 (2012-05-03..2012-05-05, 2019-06-18..2019-06-18, 2019-06-20..2019-06-22, 2020-06-18..2020-06-18, 2020-06-20..2020-06-20, 2021-06-18..2021-06-18, 2023-01-13..2023-01-14, 2023-01-17..2023-01-17, 2023-02-17..2023-02-18, 2023-02-21..2023-02-21, 2023-04-06..2023-04-06, 2023-04-08..2023-04-08, 2027-12-31..2027-12-31) in2025+=1; withheld=6 (2019-06-19..2019-06-19, 2020-06-19..2020-06-19, 2021-06-19..2021-06-19, 2023-01-16..2023-01-16, 2023-02-20..2023-02-20, 2023-04-07..2023-04-07) in2025+=0
globex_interest_rates	key	5827	743	4	6574	1011	84	0	1095	4	Some(265)	745	phase=732 (732 spans, 2012-06-03..2012-06-03 .. 2026-08-16..2026-08-16) in2025+=83[#79]; resolution_edge=11 (2019-06-18..2019-06-18, 2019-06-20..2019-06-22, 2020-06-18..2020-06-18, 2020-06-20..2020-06-20, 2021-06-18..2021-06-18, 2023-01-13..2023-01-14, 2023-01-17..2023-01-17, 2027-12-31..2027-12-31) in2025+=1; withheld=4 (2019-06-19..2019-06-19, 2020-06-19..2020-06-19, 2021-06-19..2021-06-19, 2023-01-16..2023-01-16) in2025+=0
globex_livestock	key	3649	2919	6	6574	341	754	0	1095	6	Some(211)	675	postclose_label=2910 (663 spans, 2016-06-06..2016-06-10 .. 2027-12-31..2027-12-31) in2025+=754[#152]; resolution_edge=9 (2020-06-20..2020-06-21, 2021-06-20..2021-06-20, 2023-01-14..2023-01-15, 2023-02-18..2023-02-19, 2023-04-08..2023-04-09) in2025+=0; withheld=6 (2019-06-19..2019-06-19, 2020-06-19..2020-06-19, 2021-06-19..2021-06-19, 2023-01-16..2023-01-16, 2023-02-20..2023-02-20, 2023-04-07..2023-04-07) in2025+=0
globex_cryptocurrency	key	581	5987	6	6574	581	514	0	1095	6	Some(90)	42	phase=2699 (31 spans, 2019-01-01..2019-01-01 .. 2026-05-28..2026-05-28) in2025+=513[#123]; resolution_edge=1 (2027-12-31..2027-12-31) in2025+=1; windows=3287 (2010-01-01..2017-12-15, 2017-12-16..2017-12-16, 2017-12-17..2018-12-31) in2025+=0; withheld=6 (2019-06-19..2019-06-19, 2020-06-19..2020-06-19, 2021-06-19..2021-06-19, 2023-01-16..2023-01-16, 2023-02-20..2023-02-20, 2023-04-07..2023-04-07) in2025+=0
globex_nikkei_225_dollar	key	6492	62	20	6574	1090	5	0	1095	20	Some(227)	57	resolution_edge=62 (36 spans, 2010-01-01..2010-01-03 .. 2027-12-31..2027-12-31) in2025+=5; withheld=20 (20 spans, 2019-06-19..2019-06-19 .. 2024-12-31..2024-12-31) in2025+=0
TOTAL	-	157091	-	59851	216942	27876	-	-	36135	-	-	-
test gate_coverage_walk ... ok

test result: ok. 1 passed; 0 failed; 0 ignored; 0 measured; 0 filtered out; finished in 6.07s

