Date,Day of Week,Calendar,Holiday Name,Type,Type of Holiday
01/01/2027,Friday,EXCH,New Year's Day,Global,T2 Holiday
03/26/2027,Friday,EXCH,Good Friday,Global,T2 Holiday
03/29/2027,Monday,EXCH,Easter Monday,Global,T2 Holiday
04/14/2028,Friday,EXCH,Good Friday,Global,T2 Holiday
04/17/2028,Monday,EXCH,Easter Monday,Global,T2 Holiday
05/01/2028,Monday,EXCH,Labor Day,Global,T2 Holiday
12/25/2028,Monday,EXCH,Christmas Day,Global,T2 Holiday
12/26/2028,Tuesday,EXCH,Boxing Day,Global,T2 Holiday
01/01/2029,Monday,EXCH,New Year's Day,Global,T2 Holiday
03/30/2029,Friday,EXCH,Good Friday,Global,T2 Holiday
04/02/2029,Monday,EXCH,Easter Monday,Global,T2 Holiday
05/01/2029,Tuesday,EXCH,Labor Day,Global,T2 Holiday
12/25/2029,Tuesday,EXCH,Christmas Day,Global,T2 Holiday
12/26/2029,Wednesday,EXCH,Boxing Day,Global,T2 Holiday
01/01/2030,Tuesday,EXCH,New Year's Day,Global,T2 Holiday
04/19/2030,Friday,EXCH,Good Friday,Global,T2 Holiday
04/22/2030,Monday,EXCH,Easter Monday,Global,T2 Holiday
05/01/2030,Wednesday,EXCH,Labor Day,Global,T2 Holiday
12/25/2030,Wednesday,EXCH,Christmas Day,Global,T2 Holiday
12/26/2030,Thursday,EXCH,Boxing Day,Global,T2 Holiday
01/01/2031,Wednesday,EXCH,New Year's Day,Global,T2 Holiday
04/11/2031,Friday,EXCH,Good Friday,Global,T2 Holiday
04/14/2031,Monday,EXCH,Easter Monday,Global,T2 Holiday
05/01/2031,Thursday,EXCH,Labor Day,Global,T2 Holiday
12/25/2031,Thursday,EXCH,Christmas Day,Global,T2 Holiday
12/26/2031,Friday,EXCH,Boxing Day,Global,T2 Holiday
01/01/2032,Thursday,EXCH,New Year's Day,Global,T2 Holiday
03/26/2032,Friday,EXCH,Good Friday,Global,T2 Holiday
03/29/2032,Monday,EXCH,Easter Monday,Global,T2 Holiday
04/15/2033,Friday,EXCH,Good Friday,Global,T2 Holiday
04/18/2033,Monday,EXCH,Easter Monday,Global,T2 Holiday
12/26/2033,Monday,EXCH,Boxing Day,Global,T2 Holiday
04/07/2034,Friday,EXCH,Good Friday,Global,T2 Holiday
04/10/2034,Monday,EXCH,Easter Monday,Global,T2 Holiday
05/01/2034,Monday,EXCH,Labor Day,Global,T2 Holiday
12/25/2034,Monday,EXCH,Christmas Day,Global,T2 Holiday
12/26/2034,Tuesday,EXCH,Boxing Day,Global,T2 Holiday
01/01/2035,Monday,EXCH,New Year's Day,Global,T2 Holiday
03/23/2035,Friday,EXCH,Good Friday,Global,T2 Holiday
03/26/2035,Monday,EXCH,Easter Monday,Global,T2 Holiday
05/01/2035,Tuesday,EXCH,Labor Day,Global,T2 Holiday
12/25/2035,Tuesday,EXCH,Christmas Day,Global,T2 Holiday
12/26/2035,Wednesday,EXCH,Boxing Day,Global,T2 Holiday
01/01/2036,Tuesday,EXCH,New Year's Day,Global,T2 Holiday
04/11/2036,Friday,EXCH,Good Friday,Global,T2 Holiday
04/14/2036,Monday,EXCH,Easter Monday,Global,T2 Holiday
05/01/2036,Thursday,EXCH,Labor Day,Global,T2 Holiday
12/25/2036,Thursday,EXCH,Christmas Day,Global,T2 Holiday
12/26/2036,Friday,EXCH,Boxing Day,Global,T2 Holiday
10/26/2027,Tuesday,TAT,Nationalfeiertag,Local,National Holiday
12/24/2027,Friday,TAT,Christmas Eve (Clearing open),Local,Trading Holiday
12/31/2027,Friday,TAT,New Year's Eve (Clearing open),Local,Trading Holiday
10/26/2028,Thursday,TAT,Nationalfeiertag,Local,National Holiday
10/26/2029,Friday,TAT,Nationalfeiertag,Local,National Holiday
12/24/2029,Monday,TAT,Christmas Eve (Clearing open),Local,Trading Holiday
12/31/2029,Monday,TAT,New Year's Eve (Clearing open),Local,Trading Holiday
12/24/2030,Tuesday,TAT,Christmas Eve (Clearing open),Local,Trading Holiday
12/31/2030,Tuesday,TAT,New Year's Eve (Clearing open),Local,Trading Holiday
12/24/2031,Wednesday,TAT,Christmas Eve (Clearing open),Local,Trading Holiday
12/31/2031,Wednesday,TAT,New Year's Eve (Clearing open),Local,Trading Holiday
10/26/2032,Tuesday,TAT,Nationalfeiertag,Local,National Holiday
12/24/2032,Friday,TAT,Christmas Eve (Clearing open),Local,Trading Holiday
12/31/2032,Friday,TAT,New Year's Eve (Clearing open),Local,Trading Holiday
10/26/2033,Wednesday,TAT,Nationalfeiertag,Local,National Holiday
10/26/2034,Thursday,TAT,Nationalfeiertag,Local,National Holiday
10/26/2035,Friday,TAT,Nationalfeiertag,Local,National Holiday
12/24/2035,Monday,TAT,Christmas Eve (Clearing open),Local,Trading Holiday
12/31/2035,Monday,TAT,New Year's Eve (Clearing open),Local,Trading Holiday
12/24/2036,Wednesday,TAT,Christmas Eve (Clearing open),Local,Trading Holiday
12/31/2036,Wednesday,TAT,New Year's Eve (Clearing open),Local,Trading Holiday
03/25/2027,Thursday,TDEN,Maundy Thursday,Local,Religious Holiday
05/06/2027,Thursday,TDEN,Ascension Day,Local,Religious Holiday
05/07/2027,Friday,TDEN,Bank Holiday (DK),Local,National Holiday
05/17/2027,Monday,TDEN,Pentecost Monday,Local,Religious Holiday
12/24/2027,Friday,TDEN,Christmas Eve (Clearing open),Local,Trading Holiday
12/31/2027,Friday,TDEN,New Year's Eve (Clearing open),Local,Trading Holiday
04/13/2028,Thursday,TDEN,Maundy Thursday,Local,Religious Holiday
05/25/2028,Thursday,TDEN,Ascension Day,Local,Religious Holiday
05/26/2028,Friday,TDEN,Bank Holiday (DK),Local,National Holiday
06/05/2028,Monday,TDEN,Pentecost Monday,Local,Religious Holiday
06/05/2028,Monday,TDEN,Constitution Day (DK),Local,National Holiday
03/29/2029,Thursday,TDEN,Maundy Thursday,Local,Religious Holiday
05/10/2029,Thursday,TDEN,Ascension Day,Local,Religious Holiday
05/11/2029,Friday,TDEN,Bank Holiday (DK),Local,National Holiday
05/21/2029,Monday,TDEN,Pentecost Monday,Local,Religious Holiday
06/05/2029,Tuesday,TDEN,Constitution Day (DK),Local,National Holiday
12/24/2029,Monday,TDEN,Christmas Eve (Clearing open),Local,Trading Holiday
12/31/2029,Monday,TDEN,New Year's Eve (Clearing open),Local,Trading Holiday
04/18/2030,Thursday,TDEN,Maundy Thursday,Local,Religious Holiday
05/30/2030,Thursday,TDEN,Ascension Day,Local,Religious Holiday
05/31/2030,Friday,TDEN,Bank Holiday (DK),Local,National Holiday
06/05/2030,Wednesday,TDEN,Constitution Day (DK),Local,National Holiday
06/10/2030,Monday,TDEN,Pentecost Monday,Local,Religious Holiday
12/24/2030,Tuesday,TDEN,Christmas Eve (Clearing open),Local,Trading Holiday
12/31/2030,Tuesday,TDEN,New Year's Eve (Clearing open),Local,Trading Holiday
04/10/2031,Thursday,TDEN,Maundy Thursday,Local,Religious Holiday
05/22/2031,Thursday,TDEN,Ascension Day,Local,Religious Holiday
05/23/2031,Friday,TDEN,Bank Holiday (DK),Local,National Holiday
06/02/2031,Monday,TDEN,Pentecost Monday,Local,Religious Holiday
06/05/2031,Thursday,TDEN,Constitution Day (DK),Local,National Holiday
12/24/2031,Wednesday,TDEN,Christmas Eve (Clearing open),Local,Trading Holiday
12/31/2031,Wednesday,TDEN,New Year's Eve (Clearing open),Local,Trading Holiday
03/25/2032,Thursday,TDEN,Maundy Thursday,Local,Religious Holiday
05/06/2032,Thursday,TDEN,Ascension Day,Local,Religious Holiday
05/07/2032,Friday,TDEN,Bank Holiday (DK),Local,National Holiday
05/17/2032,Monday,TDEN,Pentecost Monday,Local,Religious Holiday
12/24/2032,Friday,TDEN,Christmas Eve (Clearing open),Local,Trading Holiday
12/31/2032,Friday,TDEN,New Year's Eve (Clearing open),Local,Trading Holiday
04/14/2033,Thursday,TDEN,Maundy Thursday,Local,Religious Holiday
05/26/2033,Thursday,TDEN,Ascension Day,Local,Religious Holiday
05/27/2033,Friday,TDEN,Bank Holiday (DK),Local,National Holiday
06/06/2033,Monday,TDEN,Pentecost Monday,Local,Religious Holiday
04/06/2034,Thursday,TDEN,Maundy Thursday,Local,Religious Holiday
05/18/2034,Thursday,TDEN,Ascension Day,Local,Religious Holiday
05/19/2034,Friday,TDEN,Bank Holiday (DK),Local,National Holiday
05/29/2034,Monday,TDEN,Pentecost Monday,Local,Religious Holiday
06/05/2034,Monday,TDEN,Constitution Day (DK),Local,National Holiday
03/22/2035,Thursday,TDEN,Maundy Thursday,Local,Religious Holiday
05/03/2035,Thursday,TDEN,Ascension Day,Local,Religious Holiday
05/04/2035,Friday,TDEN,Bank Holiday (DK),Local,National Holiday
05/14/2035,Monday,TDEN,Pentecost Monday,Local,Religious Holiday
06/05/2035,Tuesday,TDEN,Constitution Day (DK),Local,National Holiday
12/24/2035,Monday,TDEN,Christmas Eve (Clearing open),Local,Trading Holiday
12/31/2035,Monday,TDEN,New Year's Eve (Clearing open),Local,Trading Holiday
04/10/2036,Thursday,TDEN,Maundy Thursday,Local,Religious Holiday
05/22/2036,Thursday,TDEN,Ascension Day,Local,Religious Holiday
05/23/2036,Friday,TDEN,Bank Holiday (DK),Local,National Holiday
06/02/2036,Monday,TDEN,Pentecost Monday,Local,Religious Holiday
06/05/2036,Thursday,TDEN,Constitution Day (DK),Local,National Holiday
12/24/2036,Wednesday,TDEN,Christmas Eve (Clearing open),Local,Trading Holiday
12/31/2036,Wednesday,TDEN,New Year's Eve (Clearing open),Local,Trading Holiday
01/06/2027,Wednesday,TFIN,Epiphany,Local,Religious Holiday
05/06/2027,Thursday,TFIN,Ascension Day,Local,Religious Holiday
06/25/2027,Friday,TFIN,Midsummer`s Eve,Local,National Holiday
12/06/2027,Monday,TFIN,Independence Day (FI),Local,National Holiday
12/24/2027,Friday,TFIN,Christmas Eve (Clearing open),Local,Trading Holiday
12/31/2027,Friday,TFIN,New Year's Eve (Clearing open),Local,Trading Holiday
01/06/2028,Thursday,TFIN,Epiphany,Local,Religious Holiday
05/25/2028,Thursday,TFIN,Ascension Day,Local,Religious Holiday
06/23/2028,Friday,TFIN,Midsummer`s Eve,Local,National Holiday
12/06/2028,Wednesday,TFIN,Independence Day (FI),Local,National Holiday
05/10/2029,Thursday,TFIN,Ascension Day,Local,Religious Holiday
06/22/2029,Friday,TFIN,Midsummer`s Eve,Local,National Holiday
12/06/2029,Thursday,TFIN,Independence Day (FI),Local,National Holiday
12/24/2029,Monday,TFIN,Christmas Eve (Clearing open),Local,Trading Holiday
12/31/2029,Monday,TFIN,New Year's Eve (Clearing open),Local,Trading Holiday
05/30/2030,Thursday,TFIN,Ascension Day,Local,Religious Holiday
06/21/2030,Friday,TFIN,Midsummer`s Eve,Local,National Holiday
12/06/2030,Friday,TFIN,Independence Day (FI),Local,National Holiday
12/24/2030,Tuesday,TFIN,Christmas Eve (Clearing open),Local,Trading Holiday
12/31/2030,Tuesday,TFIN,New Year's Eve (Clearing open),Local,Trading Holiday
01/06/2031,Monday,TFIN,Epiphany,Local,Religious Holiday
05/22/2031,Thursday,TFIN,Ascension Day,Local,Religious Holiday
06/20/2031,Friday,TFIN,Midsummer`s Eve,Local,National Holiday
12/24/2031,Wednesday,TFIN,Christmas Eve (Clearing open),Local,Trading Holiday
12/31/2031,Wednesday,TFIN,New Year's Eve (Clearing open),Local,Trading Holiday
01/06/2032,Tuesday,TFIN,Epiphany,Local,Religious Holiday
05/06/2032,Thursday,TFIN,Ascension Day,Local,Religious Holiday
06/25/2032,Friday,TFIN,Midsummer`s Eve,Local,National Holiday
12/06/2032,Monday,TFIN,Independence Day (FI),Local,National Holiday
12/24/2032,Friday,TFIN,Christmas Eve (Clearing open),Local,Trading Holiday
12/31/2032,Friday,TFIN,New Year's Eve (Clearing open),Local,Trading Holiday
01/06/2033,Thursday,TFIN,Epiphany,Local,Religious Holiday
05/26/2033,Thursday,TFIN,Ascension Day,Local,Religious Holiday
06/24/2033,Friday,TFIN,Midsummer`s Eve,Local,National Holiday
12/06/2033,Tuesday,TFIN,Independence Day (FI),Local,National Holiday
01/06/2034,Friday,TFIN,Epiphany,Local,Religious Holiday
05/18/2034,Thursday,TFIN,Ascension Day,Local,Religious Holiday
06/23/2034,Friday,TFIN,Midsummer`s Eve,Local,National Holiday
12/06/2034,Wednesday,TFIN,Independence Day (FI),Local,National Holiday
05/03/2035,Thursday,TFIN,Ascension Day,Local,Religious Holiday
06/22/2035,Friday,TFIN,Midsummer`s Eve,Local,National Holiday
12/06/2035,Thursday,TFIN,Independence Day (FI),Local,National Holiday
12/24/2035,Monday,TFIN,Christmas Eve (Clearing open),Local,Trading Holiday
12/31/2035,Monday,TFIN,New Year's Eve (Clearing open),Local,Trading Holiday
05/22/2036,Thursday,TFIN,Ascension Day,Local,Religious Holiday
06/20/2036,Friday,TFIN,Midsummer`s Eve,Local,National Holiday
12/24/2036,Wednesday,TFIN,Christmas Eve (Clearing open),Local,Trading Holiday
12/31/2036,Wednesday,TFIN,New Year's Eve (Clearing open),Local,Trading Holiday
05/03/2027,Monday,TIRE,Early May Bank Holiday,Local,National Holiday
12/24/2027,Friday,TIRE,Christmas Eve (Clearing open),Local,EUREX Trading Closed
12/27/2027,Monday,TIRE,Christmas day (substitute),Local,Trading Holiday
12/28/2027,Tuesday,TIRE,Boxing day (Substitute),Local,Trading Holiday
12/31/2027,Friday,TIRE,New Year's Eve (Clearing open),Local,EUREX Trading Closed
01/03/2028,Monday,TIRE,New Year's day (substitute),Local,Trading Holiday
05/07/2029,Monday,TIRE,Early May Bank Holiday,Local,National Holiday
12/24/2029,Monday,TIRE,Christmas Eve (Clearing open),Local,EUREX Trading Closed
12/31/2029,Monday,TIRE,New Year's Eve (Clearing open),Local,EUREX Trading Closed
05/06/2030,Monday,TIRE,Early May Bank Holiday,Local,National Holiday
12/24/2030,Tuesday,TIRE,Christmas Eve (Clearing open),Local,EUREX Trading Closed
12/31/2030,Tuesday,TIRE,New Year's Eve (Clearing open),Local,EUREX Trading Closed
05/05/2031,Monday,TIRE,Early May Bank Holiday,Local,National Holiday
12/24/2031,Wednesday,TIRE,Christmas Eve (Clearing open),Local,EUREX Trading Closed
12/31/2031,Wednesday,TIRE,New Year's Eve (Clearing open),Local,EUREX Trading Closed
05/03/2032,Monday,TIRE,Early May Bank Holiday,Local,National Holiday
12/24/2032,Friday,TIRE,Christmas Eve (Clearing open),Local,EUREX Trading Closed
12/27/2032,Monday,TIRE,Christmas day (substitute),Local,Trading Holiday
12/28/2032,Tuesday,TIRE,Boxing day (Substitute),Local,Trading Holiday
12/31/2032,Friday,TIRE,New Year's Eve (Clearing open),Local,EUREX Trading Closed
01/03/2033,Monday,TIRE,New Year's day (substitute),Local,Trading Holiday
05/02/2033,Monday,TIRE,Early May Bank Holiday,Local,National Holiday
12/27/2033,Tuesday,TIRE,Christmas day (substitute),Local,Trading Holiday
01/02/2034,Monday,TIRE,New Year's day (substitute),Local,Trading Holiday
05/07/2035,Monday,TIRE,Early May Bank Holiday,Local,National Holiday
12/24/2035,Monday,TIRE,Christmas Eve (Clearing open),Local,EUREX Trading Closed
12/31/2035,Monday,TIRE,New Year's Eve (Clearing open),Local,EUREX Trading Closed
05/05/2036,Monday,TIRE,Early May Bank Holiday,Local,National Holiday
12/24/2036,Wednesday,TIRE,Christmas Eve (Clearing open),Local,EUREX Trading Closed
12/31/2036,Wednesday,TIRE,New Year's Eve (Clearing open),Local,EUREX Trading Closed
12/24/2027,Friday,TITA,Christmas Eve (Clearing open),Local,Trading Holiday
12/31/2027,Friday,TITA,New Year's Eve (Clearing open),Local,Trading Holiday
08/15/2028,Tuesday,TITA,Assumption of Mary,Local,Religious Holiday
08/15/2029,Wednesday,TITA,Assumption of Mary,Local,Religious Holiday
12/24/2029,Monday,TITA,Christmas Eve (Clearing open),Local,Trading Holiday
12/31/2029,Monday,TITA,New Year's Eve (Clearing open),Local,Trading Holiday
08/15/2030,Thursday,TITA,Assumption of Mary,Local,Religious Holiday
12/24/2030,Tuesday,TITA,Christmas Eve (Clearing open),Local,Trading Holiday
12/31/2030,Tuesday,TITA,New Year's Eve (Clearing open),Local,Trading Holiday
08/15/2031,Friday,TITA,Assumption of Mary,Local,Religious Holiday
12/24/2031,Wednesday,TITA,Christmas Eve (Clearing open),Local,Trading Holiday
12/31/2031,Wednesday,TITA,New Year's Eve (Clearing open),Local,Trading Holiday
12/24/2032,Friday,TITA,Christmas Eve (Clearing open),Local,Trading Holiday
12/31/2032,Friday,TITA,New Year's Eve (Clearing open),Local,Trading Holiday
08/15/2033,Monday,TITA,Assumption of Mary,Local,Religious Holiday
08/15/2034,Tuesday,TITA,Assumption of Mary,Local,Religious Holiday
08/15/2035,Wednesday,TITA,Assumption of Mary,Local,Religious Holiday
12/24/2035,Monday,TITA,Christmas Eve (Clearing open),Local,Trading Holiday
12/31/2035,Monday,TITA,New Year's Eve (Clearing open),Local,Trading Holiday
08/15/2036,Friday,TITA,Assumption of Mary,Local,Religious Holiday
12/24/2036,Wednesday,TITA,Christmas Eve (Clearing open),Local,Trading Holiday
12/31/2036,Wednesday,TITA,New Year's Eve (Clearing open),Local,Trading Holiday
03/25/2027,Thursday,TNOR,Maundy Thursday,Local,Religious Holiday
05/06/2027,Thursday,TNOR,Ascension Day,Local,Religious Holiday
05/17/2027,Monday,TNOR,Constitution Day (NO),Local,National Holiday
05/17/2027,Monday,TNOR,Pentecost Monday,Local,Religious Holiday
12/24/2027,Friday,TNOR,Christmas Eve (Clearing open),Local,Trading Holiday
12/31/2027,Friday,TNOR,New Year's Eve (Clearing open),Local,Trading Holiday
04/13/2028,Thursday,TNOR,Maundy Thursday,Local,Religious Holiday
05/17/2028,Wednesday,TNOR,Constitution Day (NO),Local,National Holiday
05/25/2028,Thursday,TNOR,Ascension Day,Local,Religious Holiday
06/05/2028,Monday,TNOR,Pentecost Monday,Local,Religious Holiday
03/29/2029,Thursday,TNOR,Maundy Thursday,Local,Religious Holiday
05/10/2029,Thursday,TNOR,Ascension Day,Local,Religious Holiday
05/17/2029,Thursday,TNOR,Constitution Day (NO),Local,National Holiday
05/21/2029,Monday,TNOR,Pentecost Monday,Local,Religious Holiday
12/24/2029,Monday,TNOR,Christmas Eve (Clearing open),Local,Trading Holiday
12/31/2029,Monday,TNOR,New Year's Eve (Clearing open),Local,Trading Holiday
04/18/2030,Thursday,TNOR,Maundy Thursday,Local,Religious Holiday
05/17/2030,Friday,TNOR,Constitution Day (NO),Local,National Holiday
05/30/2030,Thursday,TNOR,Ascension Day,Local,Religious Holiday
06/10/2030,Monday,TNOR,Pentecost Monday,Local,Religious Holiday
12/24/2030,Tuesday,TNOR,Christmas Eve (Clearing open),Local,Trading Holiday
12/31/2030,Tuesday,TNOR,New Year's Eve (Clearing open),Local,Trading Holiday
04/10/2031,Thursday,TNOR,Maundy Thursday,Local,Religious Holiday
05/22/2031,Thursday,TNOR,Ascension Day,Local,Religious Holiday
06/02/2031,Monday,TNOR,Pentecost Monday,Local,Religious Holiday
12/24/2031,Wednesday,TNOR,Christmas Eve (Clearing open),Local,Trading Holiday
12/31/2031,Wednesday,TNOR,New Year's Eve (Clearing open),Local,Trading Holiday
03/25/2032,Thursday,TNOR,Maundy Thursday,Local,Religious Holiday
05/06/2032,Thursday,TNOR,Ascension Day,Local,Religious Holiday
05/17/2032,Monday,TNOR,Constitution Day (NO),Local,National Holiday
05/17/2032,Monday,TNOR,Pentecost Monday,Local,Religious Holiday
12/24/2032,Friday,TNOR,Christmas Eve (Clearing open),Local,Trading Holiday
12/31/2032,Friday,TNOR,New Year's Eve (Clearing open),Local,Trading Holiday
04/14/2033,Thursday,TNOR,Maundy Thursday,Local,Religious Holiday
05/17/2033,Tuesday,TNOR,Constitution Day (NO),Local,National Holiday
05/26/2033,Thursday,TNOR,Ascension Day,Local,Religious Holiday
06/06/2033,Monday,TNOR,Pentecost Monday,Local,Religious Holiday
04/06/2034,Thursday,TNOR,Maundy Thursday,Local,Religious Holiday
05/17/2034,Wednesday,TNOR,Constitution Day (NO),Local,National Holiday
05/18/2034,Thursday,TNOR,Ascension Day,Local,Religious Holiday
05/29/2034,Monday,TNOR,Pentecost Monday,Local,Religious Holiday
03/22/2035,Thursday,TNOR,Maundy Thursday,Local,Religious Holiday
05/03/2035,Thursday,TNOR,Ascension Day,Local,Religious Holiday
05/14/2035,Monday,TNOR,Pentecost Monday,Local,Religious Holiday
05/17/2035,Thursday,TNOR,Constitution Day (NO),Local,National Holiday
12/24/2035,Monday,TNOR,Christmas Eve (Clearing open),Local,Trading Holiday
12/31/2035,Monday,TNOR,New Year's Eve (Clearing open),Local,Trading Holiday
04/10/2036,Thursday,TNOR,Maundy Thursday,Local,Religious Holiday
05/22/2036,Thursday,TNOR,Ascension Day,Local,Religious Holiday
06/02/2036,Monday,TNOR,Pentecost Monday,Local,Religious Holiday
12/24/2036,Wednesday,TNOR,Christmas Eve (Clearing open),Local,Trading Holiday
12/31/2036,Wednesday,TNOR,New Year's Eve (Clearing open),Local,Trading Holiday
01/06/2027,Wednesday,TPOL,Epiphany,Local,Religious Holiday
05/03/2027,Monday,TPOL,Constitution Day (PL),Local,National Holiday
05/27/2027,Thursday,TPOL,Corpus Christi,Local,Religious Holiday
11/01/2027,Monday,TPOL,All Saints,Local,Religious Holiday
11/11/2027,Thursday,TPOL,Independence Day (PL),Local,National Holiday
12/24/2027,Friday,TPOL,Christmas Eve (Clearing open),Local,Trading Holiday
12/31/2027,Friday,TPOL,New Year's Eve (Clearing open),Local,Trading Holiday
01/06/2028,Thursday,TPOL,Epiphany,Local,Religious Holiday
05/03/2028,Wednesday,TPOL,Constitution Day (PL),Local,National Holiday
06/15/2028,Thursday,TPOL,Corpus Christi,Local,Religious Holiday
08/15/2028,Tuesday,TPOL,Assumption of Mary,Local,Religious Holiday
11/01/2028,Wednesday,TPOL,All Saints,Local,Religious Holiday
05/03/2029,Thursday,TPOL,Constitution Day (PL),Local,National Holiday
05/31/2029,Thursday,TPOL,Corpus Christi,Local,Religious Holiday
08/15/2029,Wednesday,TPOL,Assumption of Mary,Local,Religious Holiday
11/01/2029,Thursday,TPOL,All Saints,Local,Religious Holiday
12/24/2029,Monday,TPOL,Christmas Eve (Clearing open),Local,Trading Holiday
12/31/2029,Monday,TPOL,New Year's Eve (Clearing open),Local,Trading Holiday
05/03/2030,Friday,TPOL,Constitution Day (PL),Local,National Holiday
06/20/2030,Thursday,TPOL,Corpus Christi,Local,Religious Holiday
08/15/2030,Thursday,TPOL,Assumption of Mary,Local,Religious Holiday
11/01/2030,Friday,TPOL,All Saints,Local,Religious Holiday
11/11/2030,Monday,TPOL,Independence Day (PL),Local,National Holiday
12/24/2030,Tuesday,TPOL,Christmas Eve (Clearing open),Local,Trading Holiday
12/31/2030,Tuesday,TPOL,New Year's Eve (Clearing open),Local,Trading Holiday
01/06/2031,Monday,TPOL,Epiphany,Local,Religious Holiday
06/12/2031,Thursday,TPOL,Corpus Christi,Local,Religious Holiday
08/15/2031,Friday,TPOL,Assumption of Mary,Local,Religious Holiday
11/11/2031,Tuesday,TPOL,Independence Day (PL),Local,National Holiday
12/24/2031,Wednesday,TPOL,Christmas Eve (Clearing open),Local,Trading Holiday
12/31/2031,Wednesday,TPOL,New Year's Eve (Clearing open),Local,Trading Holiday
01/06/2032,Tuesday,TPOL,Epiphany,Local,Religious Holiday
05/03/2032,Monday,TPOL,Constitution Day (PL),Local,National Holiday
05/27/2032,Thursday,TPOL,Corpus Christi,Local,Religious Holiday
11/01/2032,Monday,TPOL,All Saints,Local,Religious Holiday
11/11/2032,Thursday,TPOL,Independence Day (PL),Local,National Holiday
12/24/2032,Friday,TPOL,Christmas Eve (Clearing open),Local,Trading Holiday
12/31/2032,Friday,TPOL,New Year's Eve (Clearing open),Local,Trading Holiday
01/06/2033,Thursday,TPOL,Epiphany,Local,Religious Holiday
05/03/2033,Tuesday,TPOL,Constitution Day (PL),Local,National Holiday
06/16/2033,Thursday,TPOL,Corpus Christi,Local,Religious Holiday
08/15/2033,Monday,TPOL,Assumption of Mary,Local,Religious Holiday
11/01/2033,Tuesday,TPOL,All Saints,Local,Religious Holiday
11/11/2033,Friday,TPOL,Independence Day (PL),Local,National Holiday
01/06/2034,Friday,TPOL,Epiphany,Local,Religious Holiday
05/03/2034,Wednesday,TPOL,Constitution Day (PL),Local,National Holiday
06/08/2034,Thursday,TPOL,Corpus Christi,Local,Religious Holiday
08/15/2034,Tuesday,TPOL,Assumption of Mary,Local,Religious Holiday
11/01/2034,Wednesday,TPOL,All Saints,Local,Religious Holiday
05/03/2035,Thursday,TPOL,Constitution Day (PL),Local,National Holiday
05/24/2035,Thursday,TPOL,Corpus Christi,Local,Religious Holiday
08/15/2035,Wednesday,TPOL,Assumption of Mary,Local,Religious Holiday
11/01/2035,Thursday,TPOL,All Saints,Local,Religious Holiday
12/24/2035,Monday,TPOL,Christmas Eve (Clearing open),Local,Trading Holiday
12/31/2035,Monday,TPOL,New Year's Eve (Clearing open),Local,Trading Holiday
06/12/2036,Thursday,TPOL,Corpus Christi,Local,Religious Holiday
08/15/2036,Friday,TPOL,Assumption of Mary,Local,Religious Holiday
11/11/2036,Tuesday,TPOL,Independence Day (PL),Local,National Holiday
12/24/2036,Wednesday,TPOL,Christmas Eve (Clearing open),Local,Trading Holiday
12/31/2036,Wednesday,TPOL,New Year's Eve (Clearing open),Local,Trading Holiday
12/24/2027,Friday,TRA1,Christmas Eve (Clearing open),Local,Trading Holiday
12/31/2027,Friday,TRA1,New Year's Eve (Clearing open),Local,Trading Holiday
12/24/2029,Monday,TRA1,Christmas Eve (Clearing open),Local,Trading Holiday
12/31/2029,Monday,TRA1,New Year's Eve (Clearing open),Local,Trading Holiday
12/24/2030,Tuesday,TRA1,Christmas Eve (Clearing open),Local,Trading Holiday
12/31/2030,Tuesday,TRA1,New Year's Eve (Clearing open),Local,Trading Holiday
12/24/2031,Wednesday,TRA1,Christmas Eve (Clearing open),Local,Trading Holiday
12/31/2031,Wednesday,TRA1,New Year's Eve (Clearing open),Local,Trading Holiday
12/24/2032,Friday,TRA1,Christmas Eve (Clearing open),Local,Trading Holiday
12/31/2032,Friday,TRA1,New Year's Eve (Clearing open),Local,Trading Holiday
12/24/2035,Monday,TRA1,Christmas Eve (Clearing open),Local,Trading Holiday
12/31/2035,Monday,TRA1,New Year's Eve (Clearing open),Local,Trading Holiday
12/24/2036,Wednesday,TRA1,Christmas Eve (Clearing open),Local,Trading Holiday
12/31/2036,Wednesday,TRA1,New Year's Eve (Clearing open),Local,Trading Holiday
12/24/2027,Friday,TRAD,Christmas Eve (Clearing open),Local,Trading Holiday
12/31/2027,Friday,TRAD,New Year's Eve (Clearing open),Local,Trading Holiday
12/24/2029,Monday,TRAD,Christmas Eve (Clearing open),Local,Trading Holiday
12/31/2029,Monday,TRAD,New Year's Eve (Clearing open),Local,Trading Holiday
12/24/2030,Tuesday,TRAD,Christmas Eve (Clearing open),Local,Trading Holiday
12/31/2030,Tuesday,TRAD,New Year's Eve (Clearing open),Local,Trading Holiday
12/24/2031,Wednesday,TRAD,Christmas Eve (Clearing open),Local,Trading Holiday
12/31/2031,Wednesday,TRAD,New Year's Eve (Clearing open),Local,Trading Holiday
12/24/2032,Friday,TRAD,Christmas Eve (Clearing open),Local,Trading Holiday
12/31/2032,Friday,TRAD,New Year's Eve (Clearing open),Local,Trading Holiday
12/24/2035,Monday,TRAD,Christmas Eve (Clearing open),Local,Trading Holiday
12/31/2035,Monday,TRAD,New Year's Eve (Clearing open),Local,Trading Holiday
12/24/2036,Wednesday,TRAD,Christmas Eve (Clearing open),Local,Trading Holiday
12/31/2036,Wednesday,TRAD,New Year's Eve (Clearing open),Local,Trading Holiday
12/24/2027,Friday,TSPA,Christmas Eve (Clearing open),Local,EUREX Trading Closed
12/31/2027,Friday,TSPA,New Year's Eve (Clearing open),Local,EUREX Trading Closed
12/24/2029,Monday,TSPA,Christmas Eve (Clearing open),Local,EUREX Trading Closed
12/31/2029,Monday,TSPA,New Year's Eve (Clearing open),Local,EUREX Trading Closed
12/24/2030,Tuesday,TSPA,Christmas Eve (Clearing open),Local,EUREX Trading Closed
12/31/2030,Tuesday,TSPA,New Year's Eve (Clearing open),Local,EUREX Trading Closed
12/24/2031,Wednesday,TSPA,Christmas Eve (Clearing open),Local,EUREX Trading Closed
12/31/2031,Wednesday,TSPA,New Year's Eve (Clearing open),Local,EUREX Trading Closed
12/24/2032,Friday,TSPA,Christmas Eve (Clearing open),Local,EUREX Trading Closed
12/31/2032,Friday,TSPA,New Year's Eve (Clearing open),Local,EUREX Trading Closed
12/24/2035,Monday,TSPA,Christmas Eve (Clearing open),Local,EUREX Trading Closed
12/31/2035,Monday,TSPA,New Year's Eve (Clearing open),Local,EUREX Trading Closed
12/24/2036,Wednesday,TSPA,Christmas Eve (Clearing open),Local,EUREX Trading Closed
12/31/2036,Wednesday,TSPA,New Year's Eve (Clearing open),Local,EUREX Trading Closed
01/06/2027,Wednesday,TSWE,Epiphany,Local,Religious Holiday
05/06/2027,Thursday,TSWE,Ascension Day,Local,Religious Holiday
06/25/2027,Friday,TSWE,Midsummer`s Eve,Local,National Holiday
12/24/2027,Friday,TSWE,Christmas Eve (Clearing open),Local,Trading Holiday
12/31/2027,Friday,TSWE,New Year's Eve (Clearing open),Local,Trading Holiday
01/06/2028,Thursday,TSWE,Epiphany,Local,Religious Holiday
05/25/2028,Thursday,TSWE,Ascension Day,Local,Religious Holiday
06/06/2028,Tuesday,TSWE,Sweden's independence,Local,National Holiday
06/23/2028,Friday,TSWE,Midsummer`s Eve,Local,National Holiday
05/10/2029,Thursday,TSWE,Ascension Day,Local,Religious Holiday
06/06/2029,Wednesday,TSWE,Sweden's independence,Local,National Holiday
06/22/2029,Friday,TSWE,Midsummer`s Eve,Local,National Holiday
12/24/2029,Monday,TSWE,Christmas Eve (Clearing open),Local,Trading Holiday
12/31/2029,Monday,TSWE,New Year's Eve (Clearing open),Local,Trading Holiday
05/30/2030,Thursday,TSWE,Ascension Day,Local,Religious Holiday
06/06/2030,Thursday,TSWE,Sweden's independence,Local,National Holiday
06/21/2030,Friday,TSWE,Midsummer`s Eve,Local,National Holiday
12/24/2030,Tuesday,TSWE,Christmas Eve (Clearing open),Local,Trading Holiday
12/31/2030,Tuesday,TSWE,New Year's Eve (Clearing open),Local,Trading Holiday
01/06/2031,Monday,TSWE,Epiphany,Local,Religious Holiday
05/22/2031,Thursday,TSWE,Ascension Day,Local,Religious Holiday
06/06/2031,Friday,TSWE,Sweden's independence,Local,National Holiday
06/20/2031,Friday,TSWE,Midsummer`s Eve,Local,National Holiday
12/24/2031,Wednesday,TSWE,Christmas Eve (Clearing open),Local,Trading Holiday
12/31/2031,Wednesday,TSWE,New Year's Eve (Clearing open),Local,Trading Holiday
01/06/2032,Tuesday,TSWE,Epiphany,Local,Religious Holiday
05/06/2032,Thursday,TSWE,Ascension Day,Local,Religious Holiday
06/25/2032,Friday,TSWE,Midsummer`s Eve,Local,National Holiday
12/24/2032,Friday,TSWE,Christmas Eve (Clearing open),Local,Trading Holiday
12/31/2032,Friday,TSWE,New Year's Eve (Clearing open),Local,Trading Holiday
01/06/2033,Thursday,TSWE,Epiphany,Local,Religious Holiday
05/26/2033,Thursday,TSWE,Ascension Day,Local,Religious Holiday
06/06/2033,Monday,TSWE,Sweden's independence,Local,National Holiday
06/24/2033,Friday,TSWE,Midsummer`s Eve,Local,National Holiday
01/06/2034,Friday,TSWE,Epiphany,Local,Religious Holiday
05/18/2034,Thursday,TSWE,Ascension Day,Local,Religious Holiday
06/06/2034,Tuesday,TSWE,Sweden's independence,Local,National Holiday
06/23/2034,Friday,TSWE,Midsummer`s Eve,Local,National Holiday
05/03/2035,Thursday,TSWE,Ascension Day,Local,Religious Holiday
06/06/2035,Wednesday,TSWE,Sweden's independence,Local,National Holiday
06/22/2035,Friday,TSWE,Midsummer`s Eve,Local,National Holiday
12/24/2035,Monday,TSWE,Christmas Eve (Clearing open),Local,Trading Holiday
12/31/2035,Monday,TSWE,New Year's Eve (Clearing open),Local,Trading Holiday
05/22/2036,Thursday,TSWE,Ascension Day,Local,Religious Holiday
06/06/2036,Friday,TSWE,Sweden's independence,Local,National Holiday
06/20/2036,Friday,TSWE,Midsummer`s Eve,Local,National Holiday
12/24/2036,Wednesday,TSWE,Christmas Eve (Clearing open),Local,Trading Holiday
12/31/2036,Wednesday,TSWE,New Year's Eve (Clearing open),Local,Trading Holiday
05/06/2027,Thursday,TSWI,Ascension Day,Local,Religious Holiday
05/17/2027,Monday,TSWI,Pentecost Monday,Local,Religious Holiday
12/24/2027,Friday,TSWI,Christmas Eve (Clearing open),Local,Trading Holiday
12/31/2027,Friday,TSWI,New Year's Eve (Clearing open),Local,Trading Holiday
05/25/2028,Thursday,TSWI,Ascension Day,Local,Religious Holiday
06/05/2028,Monday,TSWI,Pentecost Monday,Local,Religious Holiday
08/01/2028,Tuesday,TSWI,National Day,Local,National Holiday
01/02/2029,Tuesday,TSWI,Berchtholdstag,Local,National Holiday
05/10/2029,Thursday,TSWI,Ascension Day,Local,Religious Holiday
05/21/2029,Monday,TSWI,Pentecost Monday,Local,Religious Holiday
08/01/2029,Wednesday,TSWI,National Day,Local,National Holiday
12/24/2029,Monday,TSWI,Christmas Eve (Clearing open),Local,Trading Holiday
12/31/2029,Monday,TSWI,New Year's Eve (Clearing open),Local,Trading Holiday
01/02/2030,Wednesday,TSWI,Berchtholdstag,Local,National Holiday
05/30/2030,Thursday,TSWI,Ascension Day,Local,Religious Holiday
06/10/2030,Monday,TSWI,Pentecost Monday,Local,Religious Holiday
08/01/2030,Thursday,TSWI,National Day,Local,National Holiday
12/24/2030,Tuesday,TSWI,Christmas Eve (Clearing open),Local,Trading Holiday
12/31/2030,Tuesday,TSWI,New Year's Eve (Clearing open),Local,Trading Holiday
01/02/2031,Thursday,TSWI,Berchtholdstag,Local,National Holiday
05/22/2031,Thursday,TSWI,Ascension Day,Local,Religious Holiday
06/02/2031,Monday,TSWI,Pentecost Monday,Local,Religious Holiday
08/01/2031,Friday,TSWI,National Day,Local,National Holiday
12/24/2031,Wednesday,TSWI,Christmas Eve (Clearing open),Local,Trading Holiday
12/31/2031,Wednesday,TSWI,New Year's Eve (Clearing open),Local,Trading Holiday
01/02/2032,Friday,TSWI,Berchtholdstag,Local,National Holiday
05/06/2032,Thursday,TSWI,Ascension Day,Local,Religious Holiday
05/17/2032,Monday,TSWI,Pentecost Monday,Local,Religious Holiday
12/24/2032,Friday,TSWI,Christmas Eve (Clearing open),Local,Trading Holiday
12/31/2032,Friday,TSWI,New Year's Eve (Clearing open),Local,Trading Holiday
05/26/2033,Thursday,TSWI,Ascension Day,Local,Religious Holiday
06/06/2033,Monday,TSWI,Pentecost Monday,Local,Religious Holiday
08/01/2033,Monday,TSWI,National Day,Local,National Holiday
01/02/2034,Monday,TSWI,Berchtholdstag,Local,National Holiday
05/18/2034,Thursday,TSWI,Ascension Day,Local,Religious Holiday
05/29/2034,Monday,TSWI,Pentecost Monday,Local,Religious Holiday
08/01/2034,Tuesday,TSWI,National Day,Local,National Holiday
01/02/2035,Tuesday,TSWI,Berchtholdstag,Local,National Holiday
05/03/2035,Thursday,TSWI,Ascension Day,Local,Religious Holiday
05/14/2035,Monday,TSWI,Pentecost Monday,Local,Religious Holiday
08/01/2035,Wednesday,TSWI,National Day,Local,National Holiday
12/24/2035,Monday,TSWI,Christmas Eve (Clearing open),Local,Trading Holiday
12/31/2035,Monday,TSWI,New Year's Eve (Clearing open),Local,Trading Holiday
01/02/2036,Wednesday,TSWI,Berchtholdstag,Local,National Holiday
05/22/2036,Thursday,TSWI,Ascension Day,Local,Religious Holiday
06/02/2036,Monday,TSWI,Pentecost Monday,Local,Religious Holiday
08/01/2036,Friday,TSWI,National Day,Local,National Holiday
12/24/2036,Wednesday,TSWI,Christmas Eve (Clearing open),Local,Trading Holiday
12/31/2036,Wednesday,TSWI,New Year's Eve (Clearing open),Local,Trading Holiday
05/03/2027,Monday,TUK,Early May Bank Holiday,Local,National Holiday
05/31/2027,Monday,TUK,Spring Bank Holiday,Local,National Holiday
08/30/2027,Monday,TUK,Summer Bank Holiday,Local,National Holiday
12/24/2027,Friday,TUK,Christmas Eve (Clearing open),Local,EUREX Trading Closed
12/27/2027,Monday,TUK,Christmas day (substitute),Local,Trading Holiday
12/28/2027,Tuesday,TUK,Boxing day (Substitute),Local,Trading Holiday
12/31/2027,Friday,TUK,New Year's Eve (Clearing open),Local,EUREX Trading Closed
01/03/2028,Monday,TUK,New Year's day (substitute),Local,Trading Holiday
05/29/2028,Monday,TUK,Spring Bank Holiday,Local,National Holiday
08/28/2028,Monday,TUK,Summer Bank Holiday,Local,National Holiday
05/07/2029,Monday,TUK,Early May Bank Holiday,Local,National Holiday
05/28/2029,Monday,TUK,Spring Bank Holiday,Local,National Holiday
08/27/2029,Monday,TUK,Summer Bank Holiday,Local,National Holiday
12/24/2029,Monday,TUK,Christmas Eve (Clearing open),Local,EUREX Trading Closed
12/31/2029,Monday,TUK,New Year's Eve (Clearing open),Local,EUREX Trading Closed
05/06/2030,Monday,TUK,Early May Bank Holiday,Local,National Holiday
05/27/2030,Monday,TUK,Spring Bank Holiday,Local,National Holiday
08/26/2030,Monday,TUK,Summer Bank Holiday,Local,National Holiday
12/24/2030,Tuesday,TUK,Christmas Eve (Clearing open),Local,EUREX Trading Closed
12/31/2030,Tuesday,TUK,New Year's Eve (Clearing open),Local,EUREX Trading Closed
05/05/2031,Monday,TUK,Early May Bank Holiday,Local,National Holiday
05/26/2031,Monday,TUK,Spring Bank Holiday,Local,National Holiday
08/25/2031,Monday,TUK,Summer Bank Holiday,Local,National Holiday
12/24/2031,Wednesday,TUK,Christmas Eve (Clearing open),Local,EUREX Trading Closed
12/31/2031,Wednesday,TUK,New Year's Eve (Clearing open),Local,EUREX Trading Closed
05/03/2032,Monday,TUK,Early May Bank Holiday,Local,National Holiday
05/31/2032,Monday,TUK,Spring Bank Holiday,Local,National Holiday
08/30/2032,Monday,TUK,Summer Bank Holiday,Local,National Holiday
12/24/2032,Friday,TUK,Christmas Eve (Clearing open),Local,EUREX Trading Closed
12/27/2032,Monday,TUK,Christmas day (substitute),Local,Trading Holiday
12/28/2032,Tuesday,TUK,Boxing day (Substitute),Local,Trading Holiday
12/31/2032,Friday,TUK,New Year's Eve (Clearing open),Local,EUREX Trading Closed
01/03/2033,Monday,TUK,New Year's day (substitute),Local,Trading Holiday
05/02/2033,Monday,TUK,Early May Bank Holiday,Local,National Holiday
05/30/2033,Monday,TUK,Spring Bank Holiday,Local,National Holiday
08/29/2033,Monday,TUK,Summer Bank Holiday,Local,National Holiday
12/27/2033,Tuesday,TUK,Christmas day (substitute),Local,Trading Holiday
01/02/2034,Monday,TUK,New Year's day (substitute),Local,Trading Holiday
05/29/2034,Monday,TUK,Spring Bank Holiday,Local,National Holiday
08/28/2034,Monday,TUK,Summer Bank Holiday,Local,National Holiday
05/07/2035,Monday,TUK,Early May Bank Holiday,Local,National Holiday
05/28/2035,Monday,TUK,Spring Bank Holiday,Local,National Holiday
08/27/2035,Monday,TUK,Summer Bank Holiday,Local,National Holiday
12/24/2035,Monday,TUK,Christmas Eve (Clearing open),Local,EUREX Trading Closed
12/31/2035,Monday,TUK,New Year's Eve (Clearing open),Local,EUREX Trading Closed
05/05/2036,Monday,TUK,Early May Bank Holiday,Local,National Holiday
05/26/2036,Monday,TUK,Spring Bank Holiday,Local,National Holiday
08/25/2036,Monday,TUK,Summer Bank Holiday,Local,National Holiday
12/24/2036,Wednesday,TUK,Christmas Eve (Clearing open),Local,EUREX Trading Closed
12/31/2036,Wednesday,TUK,New Year's Eve (Clearing open),Local,EUREX Trading Closed
01/18/2027,Monday,TUSA,Martin Luther King Jr. Day,Local,National Holiday
02/15/2027,Monday,TUSA,Washington’s Birthday ,Local,National Holiday
05/31/2027,Monday,TUSA,Memorial day (US),Local,National Holiday
06/18/2027,Friday,TUSA,Juneteenth  (Observed),Local,National Holiday
07/05/2027,Monday,TUSA,Independence Day (US) (Observed),Local,National Holiday
09/06/2027,Monday,TUSA,Labor Day ,Local,National Holiday
11/25/2027,Thursday,TUSA,Thanksgiving Day ,Local,National Holiday
12/24/2027,Friday,TUSA,Christmas Eve (Clearing open),Local,EUREX Trading Closed
12/24/2027,Friday,TUSA,Christmas day (observance),Local,Trading Holiday
12/31/2027,Friday,TUSA,New Year's Eve (Clearing open),Local,EUREX Trading Closed
01/17/2028,Monday,TUSA,Martin Luther King Jr. Day,Local,National Holiday
02/21/2028,Monday,TUSA,Washington’s Birthday ,Local,National Holiday
05/29/2028,Monday,TUSA,Memorial day (US),Local,National Holiday
06/19/2028,Monday,TUSA,Juneteenth ,Local,National Holiday
07/04/2028,Tuesday,TUSA,Independence Day (US),Local,National Holiday
09/04/2028,Monday,TUSA,Labor Day ,Local,National Holiday
11/23/2028,Thursday,TUSA,Thanksgiving Day ,Local,National Holiday
01/15/2029,Monday,TUSA,Martin Luther King Jr. Day,Local,National Holiday
02/19/2029,Monday,TUSA,Washington’s Birthday ,Local,National Holiday
05/28/2029,Monday,TUSA,Memorial day (US),Local,National Holiday
06/19/2029,Tuesday,TUSA,Juneteenth ,Local,National Holiday
07/04/2029,Wednesday,TUSA,Independence Day (US),Local,National Holiday
09/03/2029,Monday,TUSA,Labor Day ,Local,National Holiday
11/22/2029,Thursday,TUSA,Thanksgiving Day ,Local,National Holiday
12/24/2029,Monday,TUSA,Christmas Eve (Clearing open),Local,EUREX Trading Closed
12/31/2029,Monday,TUSA,New Year's Eve (Clearing open),Local,EUREX Trading Closed
01/21/2030,Monday,TUSA,Martin Luther King Jr. Day,Local,National Holiday
02/18/2030,Monday,TUSA,Washington’s Birthday ,Local,National Holiday
05/27/2030,Monday,TUSA,Memorial day (US),Local,National Holiday
06/19/2030,Wednesday,TUSA,Juneteenth ,Local,National Holiday
07/04/2030,Thursday,TUSA,Independence Day (US),Local,National Holiday
09/02/2030,Monday,TUSA,Labor Day ,Local,National Holiday
11/28/2030,Thursday,TUSA,Thanksgiving Day ,Local,National Holiday
12/24/2030,Tuesday,TUSA,Christmas Eve (Clearing open),Local,EUREX Trading Closed
12/31/2030,Tuesday,TUSA,New Year's Eve (Clearing open),Local,EUREX Trading Closed
01/20/2031,Monday,TUSA,Martin Luther King Jr. Day,Local,National Holiday
02/17/2031,Monday,TUSA,Washington’s Birthday ,Local,National Holiday
05/26/2031,Monday,TUSA,Memorial day (US),Local,National Holiday
06/19/2031,Thursday,TUSA,Juneteenth ,Local,National Holiday
07/04/2031,Friday,TUSA,Independence Day (US),Local,National Holiday
09/01/2031,Monday,TUSA,Labor Day ,Local,National Holiday
11/27/2031,Thursday,TUSA,Thanksgiving Day ,Local,National Holiday
12/24/2031,Wednesday,TUSA,Christmas Eve (Clearing open),Local,EUREX Trading Closed
12/31/2031,Wednesday,TUSA,New Year's Eve (Clearing open),Local,EUREX Trading Closed
01/19/2032,Monday,TUSA,Martin Luther King Jr. Day,Local,National Holiday
02/16/2032,Monday,TUSA,Washington’s Birthday ,Local,National Holiday
05/31/2032,Monday,TUSA,Memorial day (US),Local,National Holiday
06/18/2032,Friday,TUSA,Juneteenth  (Observed),Local,National Holiday
07/05/2032,Monday,TUSA,Independence Day (US) (Observed),Local,National Holiday
09/06/2032,Monday,TUSA,Labor Day ,Local,National Holiday
11/25/2032,Thursday,TUSA,Thanksgiving Day ,Local,National Holiday
12/24/2032,Friday,TUSA,Christmas Eve (Clearing open),Local,EUREX Trading Closed
12/24/2032,Friday,TUSA,Christmas day (observance),Local,Trading Holiday
12/31/2032,Friday,TUSA,New Year's Eve (Clearing open),Local,EUREX Trading Closed
01/17/2033,Monday,TUSA,Martin Luther King Jr. Day,Local,National Holiday
02/21/2033,Monday,TUSA,Washington’s Birthday ,Local,National Holiday
05/30/2033,Monday,TUSA,Memorial day (US),Local,National Holiday
06/20/2033,Monday,TUSA,Juneteenth  (Observed),Local,National Holiday
07/04/2033,Monday,TUSA,Independence Day (US),Local,National Holiday
09/05/2033,Monday,TUSA,Labor Day ,Local,National Holiday
11/24/2033,Thursday,TUSA,Thanksgiving Day ,Local,National Holiday
01/02/2034,Monday,TUSA,New Year's day (observance),Local,Trading Holiday
01/16/2034,Monday,TUSA,Martin Luther King Jr. Day,Local,National Holiday
02/20/2034,Monday,TUSA,Washington’s Birthday ,Local,National Holiday
05/29/2034,Monday,TUSA,Memorial day (US),Local,National Holiday
06/19/2034,Monday,TUSA,Juneteenth ,Local,National Holiday
07/04/2034,Tuesday,TUSA,Independence Day (US),Local,National Holiday
09/04/2034,Monday,TUSA,Labor Day ,Local,National Holiday
11/23/2034,Thursday,TUSA,Thanksgiving Day ,Local,National Holiday
01/15/2035,Monday,TUSA,Martin Luther King Jr. Day,Local,National Holiday
02/19/2035,Monday,TUSA,Washington’s Birthday ,Local,National Holiday
05/28/2035,Monday,TUSA,Memorial day (US),Local,National Holiday
06/19/2035,Tuesday,TUSA,Juneteenth ,Local,National Holiday
07/04/2035,Wednesday,TUSA,Independence Day (US),Local,National Holiday
09/03/2035,Monday,TUSA,Labor Day ,Local,National Holiday
11/22/2035,Thursday,TUSA,Thanksgiving Day ,Local,National Holiday
12/24/2035,Monday,TUSA,Christmas Eve (Clearing open),Local,EUREX Trading Closed
12/31/2035,Monday,TUSA,New Year's Eve (Clearing open),Local,EUREX Trading Closed
01/21/2036,Monday,TUSA,Martin Luther King Jr. Day,Local,National Holiday
02/18/2036,Monday,TUSA,Washington’s Birthday ,Local,National Holiday
05/26/2036,Monday,TUSA,Memorial day (US),Local,National Holiday
06/19/2036,Thursday,TUSA,Juneteenth ,Local,National Holiday
07/04/2036,Friday,TUSA,Independence Day (US),Local,National Holiday
09/01/2036,Monday,TUSA,Labor Day ,Local,National Holiday
11/27/2036,Thursday,TUSA,Thanksgiving Day ,Local,National Holiday
12/24/2036,Wednesday,TUSA,Christmas Eve (Clearing open),Local,EUREX Trading Closed
12/31/2036,Wednesday,TUSA,New Year's Eve (Clearing open),Local,EUREX Trading Closed
