2026-09-06T07:00:15Z	wiki-friday-live.txt	https://www.cmegroup.com/confluence/display/EPICSANDBOX/TACO+and+BTIC+Friday+Trading+Schedule	sha256=0af36cf9e2177be9dfa221d4510082f88bcaf163fc2aa66c98347ab93f1286b0	bytes=624
2026-09-06T07:00:33Z	cdx-wiki-friday.json	https://web.archive.org/cdx/search/cdx?url=cmegroup.com/confluence/display/EPICSANDBOX/TACO+and+BTIC+Friday+Trading+Schedule*&output=json&fl=timestamp,original,statuscode,digest,length&limit=200	sha256=37517e5f3dc66819f61f5a7bb8ace1921282415f10551d2defa5c3eb0985b570	bytes=3
2026-09-06T07:00:46Z	cdx-wiki-friday2.json	https://web.archive.org/cdx/search/cdx?url=cmegroup.com/confluence/display/EPICSANDBOX/*&output=json&fl=timestamp,original,statuscode&limit=3000&collapse=urlkey&filter=original:.*(TACO|Friday|Basis).*	sha256=d3e9da05afd8ff062e35b9a6f18412e64531e8842f1bc5ecc873cdcdca38ded3	bytes=269
2026-09-06T07:00:52Z	conf-search-friday.json	https://cmegroupclientsite.atlassian.net/wiki/rest/api/content/search?cql=title~%22Friday%20Trading%20Schedule%22&limit=25	sha256=e88026a6f1d8b52a7c8d803b570c717e7d208325cb0336bf2fffbd8f0bc584f6	bytes=251
2026-09-06T07:00:57Z	conf-search-taco.json	https://cmegroupclientsite.atlassian.net/wiki/rest/api/content/search?cql=text~%22TACO%22&limit=50&expand=version	sha256=1ea7988c40809997e4fc946bf02997b2c5ed3dd297dcf91dde5f0e66e6149eeb	bytes=23610
2026-09-06T07:01:04Z	conf-457092968-body.json	https://cmegroupclientsite.atlassian.net/wiki/rest/api/content/457092968?expand=body.view,version,history.lastUpdated	sha256=b690cd5cf7ce4c76422374cbdf74ae170c74ea38b575cf07cc317b9c8149f2fd	bytes=8685
2026-09-06T07:01:48Z	svc8528-2026-10-19_2026-11-16.txt	https://www.cmegroup.com/services/trading-hours-by-product?id=8528&pageNumber=1&pageSize=999&sortAsc=true&fromEventDate=2026-10-19&toEventDate=2026-11-16	sha256=79fdfa4f098194a0c545d931bf8d8b2d8515cb005cf2d97f69b5cb1b4ec20259	bytes=12257
2026-09-06T07:01:52Z	svc8528-2026-11-20_2026-12-07.txt	https://www.cmegroup.com/services/trading-hours-by-product?id=8528&pageNumber=1&pageSize=999&sortAsc=true&fromEventDate=2026-11-20&toEventDate=2026-12-07	sha256=fd2b84fbf90c3cdc7da15e42b00413c6da586014c8e5799195b9ea50d72d572a	bytes=7113
2026-09-06T07:01:56Z	svc8528-2026-12-20_2027-01-10.txt	https://www.cmegroup.com/services/trading-hours-by-product?id=8528&pageNumber=1&pageSize=999&sortAsc=true&fromEventDate=2026-12-20&toEventDate=2027-01-10	sha256=1a3c83e9ab152def7f4a4d9fdbc84d9c08c0a2a6c49ba15ebe720deff23613ee	bytes=8243
2026-09-06T07:02:36Z	notice-2021_09_20210927.txt	https://www.cmegroup.com/notices/electronic-trading/2021/09/20210927.html	sha256=9f19020ad64ef86519ff054b27988b74513df52c6b08c8fb7d501607eb296c7d	bytes=28574
2026-09-06T07:02:38Z	notice-2021_10_20211004.txt	https://www.cmegroup.com/notices/electronic-trading/2021/10/20211004.html	sha256=8c0a53edf569991a3370c6046d80c1293462a53cf3d270d8d3cc3bcb5b7f4d9c	bytes=16473
2026-09-06T07:02:42Z	notice-2021_10_20211011.txt	https://www.cmegroup.com/notices/electronic-trading/2021/10/20211011.html	sha256=ba4bc9fdb932fff18a528f8f2a43ca042f4eabdd24c08a74b8221889fff12b26	bytes=21870
2026-09-06T07:02:44Z	notice-2021_09_20210913.txt	https://www.cmegroup.com/notices/electronic-trading/2021/09/20210913.html	sha256=a4e7b28be0a21d8f42bb9d0895f27cbb0df5f72384e3f72fd2605e178b7834cf	bytes=36073
2026-09-06T07:02:47Z	notice-2021_09_20210906.txt	https://www.cmegroup.com/notices/electronic-trading/2021/09/20210906.html	sha256=010d3816a0ae2ce6f4a1b87ac010af54b499e0000e797b0b1da1e8136b825366	bytes=35362
2026-09-06T07:03:10Z	notice-2018_05_20180507.txt	https://www.cmegroup.com/notices/electronic-trading/2018/05/20180507.html	sha256=589d0b260d7140a7c92d7aec2aa932678386f825d3326a8da7759bf74e34907a	bytes=17430
2026-09-06T07:03:17Z	notice-2018_05_20180514.txt	https://www.cmegroup.com/notices/electronic-trading/2018/05/20180514.html	sha256=e830f282d5f210cf9cb36f688322d9f1704219950e5adb224f9fcd795ee208e9	bytes=23187
2026-09-06T07:03:23Z	notice-2018_05_20180521.txt	https://www.cmegroup.com/notices/electronic-trading/2018/05/20180521.html	sha256=2641eb4d12caa8051097ca7a38d6b1dbd22e5b83c40562a6732c7502e77ec175	bytes=25150
2026-09-06T07:04:43Z	conf-search-weekend.json	https://cmegroupclientsite.atlassian.net/wiki/rest/api/content/search?cql=text~%22trade%20date%20over%20a%20weekend%22&limit=25	sha256=41082a56edd0e2f933d9d5473ee5d4bc008360effb597152aba91ab255a11955	bytes=6744
2026-09-06T07:04:44Z	conf-search-sat.json	https://cmegroupclientsite.atlassian.net/wiki/rest/api/content/search?cql=text~%22TACO%22%20and%20text~%22Saturday%22&limit=25	sha256=82bd46272e1281a8d3efcbde824d600d043d6747e0830a30b9049f63c2b9d0c7	bytes=833
2026-09-06T07:04:54Z	conf-revhist.json	https://cmegroupclientsite.atlassian.net/wiki/rest/api/content/457411930?expand=body.view,version	sha256=e1d7be9abe8ac2334cc82a7635e7dbbf3adb77178f73bb81088d9e030002b393	bytes=391331
2026-09-06T07:05:40Z	nidx-2021sep-p0.json	https://www.cmegroup.com/content/cmegroup/en/notices/jcr:content/main-content-section/section/section-elements/search_sort_filter_d.ssfajax.0.0.2021-09-01.2021-10-31.json	sha256=8da8072bc25c6a96384e93ccf5402b7d9266ddf695df9970d0b2d3e576e98955	bytes=71316
2026-09-06T07:05:48Z	nidx-2021sep-p1.json	https://www.cmegroup.com/content/cmegroup/en/notices/jcr:content/main-content-section/section/section-elements/search_sort_filter_d.ssfajax.1.0.2021-09-01.2021-10-31.json	sha256=fdef92f0e849d642d53368452a6de584331b040ec67a20af91e1c7e1b41088c0	bytes=72172
2026-09-06T07:05:49Z	nidx-2021sep-p2.json	https://www.cmegroup.com/content/cmegroup/en/notices/jcr:content/main-content-section/section/section-elements/search_sort_filter_d.ssfajax.2.0.2021-09-01.2021-10-31.json	sha256=8dc8c7455ccc0acdde869cb8a08013f1ea7fa6b645fd73f12c6da44955514312	bytes=513
2026-09-06T07:05:56Z	nidx-2021sep-p3.json	https://www.cmegroup.com/content/cmegroup/en/notices/jcr:content/main-content-section/section/section-elements/search_sort_filter_d.ssfajax.3.0.2021-09-01.2021-10-31.json	sha256=e6ef4f5b66938fc8f292f8b995b432d800fdfee6869ff8484a45b97ed8dfe73a	bytes=72213
2026-09-06T07:06:04Z	nidx-2021sep-p4.json	https://www.cmegroup.com/content/cmegroup/en/notices/jcr:content/main-content-section/section/section-elements/search_sort_filter_d.ssfajax.4.0.2021-09-01.2021-10-31.json	sha256=6eb773755f414641e902b63ccd38558a552f28dd8a3856be97233a6c4ba05c2f	bytes=64726
2026-09-06T07:06:13Z	nidx-2021sep-p5.json	https://www.cmegroup.com/content/cmegroup/en/notices/jcr:content/main-content-section/section/section-elements/search_sort_filter_d.ssfajax.5.0.2021-09-01.2021-10-31.json	sha256=9cc1dfa192ca97db874675e6644599b16020cd279328c31a45590cf70fcd9275	bytes=66449
2026-09-06T07:06:21Z	nidx-2021sep-p6.json	https://www.cmegroup.com/content/cmegroup/en/notices/jcr:content/main-content-section/section/section-elements/search_sort_filter_d.ssfajax.6.0.2021-09-01.2021-10-31.json	sha256=b852c1313468c6052564febfcd5bedf618180b86e3b95fc37320ff7964177b9e	bytes=31286
2026-09-06T07:06:28Z	nidx-2021sep-p7.json	https://www.cmegroup.com/content/cmegroup/en/notices/jcr:content/main-content-section/section/section-elements/search_sort_filter_d.ssfajax.7.0.2021-09-01.2021-10-31.json	sha256=3b7988cc6d9a4e1582420d34b2cea715e7f3f09d83a54918153a579e8a148493	bytes=667
2026-09-06T07:06:34Z	nidx-2021sep-p8.json	https://www.cmegroup.com/content/cmegroup/en/notices/jcr:content/main-content-section/section/section-elements/search_sort_filter_d.ssfajax.8.0.2021-09-01.2021-10-31.json	sha256=8454455bf852899db97385f783e7b5e79061158499bed35bad3f9a0c8197b001	bytes=667
2026-09-06T07:06:41Z	nidx-2021sep-p9.json	https://www.cmegroup.com/content/cmegroup/en/notices/jcr:content/main-content-section/section/section-elements/search_sort_filter_d.ssfajax.9.0.2021-09-01.2021-10-31.json	sha256=61de5796995d4f53828816a196ce7e9c968be33fb5f855a1c06e7c0c30f4cfb9	bytes=667
2026-09-06T07:06:48Z	nidx-2021sep-p10.json	https://www.cmegroup.com/content/cmegroup/en/notices/jcr:content/main-content-section/section/section-elements/search_sort_filter_d.ssfajax.10.0.2021-09-01.2021-10-31.json	sha256=54fadd337de7c163777a013976c4694fd7d2db6d4c200fe6397eb5d4b8b2f41b	bytes=668
2026-09-06T07:06:57Z	nidx-2021sep-p11.json	https://www.cmegroup.com/content/cmegroup/en/notices/jcr:content/main-content-section/section/section-elements/search_sort_filter_d.ssfajax.11.0.2021-09-01.2021-10-31.json	sha256=5239a6e8e29b1c6fed002ebcb7cfca8de4b2e0e971e8d13f81ce0873955df922	bytes=668
2026-09-06T07:07:03Z	nidx-2021sep-p12.json	https://www.cmegroup.com/content/cmegroup/en/notices/jcr:content/main-content-section/section/section-elements/search_sort_filter_d.ssfajax.12.0.2021-09-01.2021-10-31.json	sha256=6bbd0d67f6b033039d2282ccc2e1aa30c1ca8fc0cd1e2506b8a4c7ae6f40da7f	bytes=668
2026-09-06T07:07:28Z	SER-8853.txt	https://www.cmegroup.com/notices/ser/2021/09/SER-8853.html	sha256=4ea0eb09baa260788b4eb60a7276c47da6635da4968cc4b46cc072a9ea49f313	bytes=9850
2026-09-06T07:07:29Z	SER-8854R.txt	https://www.cmegroup.com/notices/ser/2021/09/SER-8854R.html	sha256=c777a12d75318a7ed160cc74277db50f51163edcc90d821766aa02f31b1a4a83	bytes=10200
2026-09-06T07:07:31Z	SER-8856.txt	https://www.cmegroup.com/notices/ser/2021/09/SER-8856.html	sha256=0b2a9c8a0d66dabfcf505f3b289579220d080ebdcfc8b187d18397b8320e7076	bytes=9882
2026-09-06T07:07:32Z	SER-8859.txt	https://www.cmegroup.com/notices/ser/2021/09/SER-8859.html	sha256=650e41a46d51b4e44ff94be057968fa0a039734956413ec598f6b2544e671b53	bytes=9975
2026-09-06T07:07:38Z	SER-8869.txt	https://www.cmegroup.com/notices/ser/2021/10/SER-8869.html	sha256=5c56ac2c5d43b97627ed914bffee38f1692e5d7b70bad96c5dcf75f68dfb5814	bytes=9881
2026-09-06T07:07:53Z	Chadv21-305-pdf.txt	https://www.cmegroup.com/notices/clearing/2021/09/Chadv21-305.pdf	sha256=ebf4d0800e654a0891ef69289e1beab8e8d40557115ce62378d70b8c39741c50	bytes=2961
2026-09-06T07:08:20Z	cs-133-live.txt	https://www.cmegroup.com/CmeWS/mvc/ContractSpecs/List/productId/133	sha256=556324d02d0087e6e1c8b9cbfe528deebb2164e67abb6e0a1858873c4708f252	bytes=4504
2026-09-06T07:08:23Z	cs-8528-live.txt	https://www.cmegroup.com/CmeWS/mvc/ContractSpecs/List/productId/8528	sha256=38f4136254005f95447df94f356f6c9c72154bae9eb9a8b4b0826ce2be91ef63	bytes=831
2026-09-06T07:08:25Z	cs-8914-live.txt	https://www.cmegroup.com/CmeWS/mvc/ContractSpecs/List/productId/8914	sha256=e4f4f6cb88285f8a7b3dd658fad5cfc64c968909804e2648232a68c72864ca6b	bytes=947
2026-09-06T07:08:28Z	cs-8915-live.txt	https://www.cmegroup.com/CmeWS/mvc/ContractSpecs/List/productId/8915	sha256=88131e044c6183c841b40dfeddec5a47c55d4a1bca41f5d872206d3b768fdced	bytes=950
2026-09-06T07:08:46Z	cs-146-live.txt	https://www.cmegroup.com/CmeWS/mvc/ContractSpecs/List/productId/146	sha256=10c5a7ae591bcb20c701fbcf0d3a0bfe63ffde2eacff37173e0d236dba9943dc	bytes=4203
2026-09-06T07:08:49Z	cs-8314-live.txt	https://www.cmegroup.com/CmeWS/mvc/ContractSpecs/List/productId/8314	sha256=90b2b39b749ba6069d3aaa46a7b9526bfed1ff6d0a5cc66f8affd2f613b1b754	bytes=4281
2026-09-06T07:10:13Z	notice-2019_08_20190826.txt	https://www.cmegroup.com/notices/electronic-trading/2019/08/20190826.html	sha256=a65726fcf6c29dc3456501f50481c42f8a22f8084671168aadd06c90e08c153a	bytes=32624
