signature_sha256	root_count	observation_count	segment_group_count	electronic_envelope_relation	existing_market_hours_keys	existing_authored_roots	segment_groups	descriptions	roots	full_week_transitions
d21acb34cc1857d77a01ba9c499b2dbce43ad125dec0afd933e79467e288747a	1146	308288	184	matches_authored_root_envelope	globex_energy,globex_equity_index,globex_fx,globex_interest_rates,globex_nikkei_225_dollar	6A,6B,6C,6E,6J,6M,6N,6S,BZ,CL,EMD,ES,GC,HG,HO,M2K,M6A,M6B,M6E,MCL,MES,MGC,MHG,MNG,MNQ,MYM,NG,NKD,NQ,PA,PL,QG,QM,RB,RTY,SI,SIL,SR1,SR3,TN,UB,YM,ZB,ZF,ZN,ZQ,ZT	68:4T;68:BQ;68:C5;68:D1;68:D2;68:D3;68:D4;68:DN;68:DR;68:DV;68:EA;68:EU;68:IB;68:IX;68:MD;68:ME;68:N1;68:NK;68:QN;68:RA;68:RC;68:RG;68:RL;68:RV;68:RX;68:S4;68:SC;68:SD;68:SG;68:SK;68:SU;68:TJ;68:WE;68:WI;68:X3;68:X4;68:X5;68:X6;68:X7;68:X9;68:XB;68:XF;68:XG;68:XL;68:XM;68:XN;68:XO;68:XP;68:XR;68:XU;68:XY;70:AH;70:GA;70:GD;70:HW;70:RS;70:UC;70:UF;70:VO;74:D5;74:D6;74:D7;74:D9;78:AG;78:AL;78:CA;78:CJ;78:FD;78:FT;78:GC;78:GS;78:GU;78:HD;78:HG;78:HR;78:HX;78:IO;78:JR;78:KT;78:LD;78:LI;78:LN;78:MA;78:MU;78:NG;78:PA;78:PD;78:PL;78:PW;78:SI;78:ST;78:TT;78:UX;78:VX;78:YO;78:ZX;78:ZZ;80:BB;80:CC;80:CL;80:CP;80:EE;80:EL;80:EV;80:OA;80:OP;80:PT;80:RF;80:RI;80:WS;82:BH;82:EY;82:MI;82:SP;82:ZE;84:2Y;84:4Y;84:5Y;84:6Y;84:BM;84:CE;84:EB;84:EJ;84:EK;84:MR;84:S2;84:S7;84:SF;84:SJ;84:SM;84:SN;84:Z3;84:Z4;84:Z5;84:ZY;88:6C;88:6E;88:6G;88:6H;88:6I;88:6J;88:6K;88:6L;88:6P;88:6S;88:6T;88:6U;88:6X;88:6Z;88:CH;88:CZ;88:F2;88:F3;88:F4;88:F5;88:F6;88:F7;88:F8;88:F9;88:FB;88:FF;88:FG;88:FH;88:FJ;88:FK;88:FM;88:FP;88:FQ;88:FS;88:FY;88:NH;88:NI;88:NJ;88:NL;88:NO;88:NP;88:NR;88:NS;88:NU;88:NV;88:PN;88:RM;88:SE;88:XI	10-YEAR DELIVERABLE INTEREST RATE SWAP;2-YEAR DELIVERABLE INTEREST RATE SWAP;20-YEAR DELIVERABLE INTEREST RATE SWAP;20-YEAR TREASURY BONDS;3-YEAR TREASURY NOTES/SWAPS;30-YEAR DELIVERABLE INTEREST RATE SWAP;30-YR CONFORMING FIXED MORTGAGE RATE INDEX FUTURES;30-YR UNIFORM MORTGAGE-BACKED SECURITY FUTURES;5-YEAR DELIVERABLE INTEREST RATE SWAP;50 MW POWER- CMED;7-YEAR DELIVERABLE INTEREST RATE SWAP;ALUMINUM FUTURES;AUD/CAD CROSS RATE FUTURES;AUD/JPY CROSS RATE FUTURES;AUD/NZD CROSS RATE FUTURES;AUSTRALIAN WHEAT FOB (PLATTS) FUTURES;BLOOMBERG CREDIT FUTURES (CE);BLOOMBERG ROLL SELECT COMM INDEX FUTURES;BRAZILIAN REAL FUTURES;BRENT PENTULTIMATE FINANCIAL FUTURES;BRENT/REBCO/MARS/EURO LOW SULPHUR;BTIC+ on NEARBY EURO CURRENCY ;CAD/JPY CROSS RATE FUTURES;CANADIAN DOLLAR FUTURES/E-MICRO (M6C);CBOT UREA FOB FUTURES;CHF/JPY CROSS RATE FUTURES;CHINESE REMINBI (CNH/USD);CHINESE RENMINBI USD/CNH FUTURES;CHP/USD CHILEAN PESO FUTURES;CME MALAYSIAN CRUDE PALM OIL FUTURES;CME WEATHER FUTURES;COBALT FUTURES;COCOA FUTURES;COFFEE FUTURES;COMMUNICATION SECTOR FUTURES (XAZ);CONSUMER DISCRETIONARY SECTOR FUTURES (XAY);CONSUMER STAPLES SECTOR  FUTURES (XAP);COPPER FUTURES;COTTON FUTURES;CPC CHICAGO ETHANOL SWAP (PLATTS);CPC FUEL OIL (1);CPC MONT BELVIEU PROPANE;CPC-Ethanol;CPC-POWER 2;CPC-POWER/PETROCHEM;CPC-REFIND;CPC-REFINED 2;CPC-REFINED 3;CRUDE/HEAT/RBOB/NY ULSD;CRUDE/RBOB FINANCIAL FUTURES (WS, RT);CZECH KORUNA FUTURES;CZK/EUR CROSS RATE FUTURES;DENATURED FUEL ETHANOL FUTURES;DOW REAL ESTATE FUTURES;E-MINI S&P/BMV IPC FUTURES;ENERGY SECTOR FUTURES (XAE);ERIS SOFR OIS SWAP 1/2/3/4/5-YR ;ERIS SOFR OIS SWAP 15/20/30-YR ;ERIS SOFR OIS SWAP 7/10/12-YR ;ESTR FUTURES;ESTR/EURIBOR SPREAD  FUTURES;EUR/AUD CROSS RATE FUTURES;EUR/CAD CROSS RATE FUTURES;EUR/CHF CROSS RATE FUTURES;EUR/GBP CROSS RATE FUTURES;EUR/JPY CROSS RATE FUTURES;EUR/NOK CROSS RATE FUTURES;EUR/NZD CROSS RATE FUTURES;EUR/SEK CROSS RATE FUTURES;EUR/USD CROSS CURRENCY BASIS FUTURES;EURO CURRENCY FUTURES/E-MICRO(M6E);FERROUS SCRAP/ALUMINA FUTURES;FERROUS SCRAP/ALUMINA/EURO HRC FUTURES;FINANCIAL SECTOR FUTURES (XAF);FORWARD BTIC MINI S&P;FORWARD MINI S&P TRADE AT CASH OPEN ;FREIGHT FUTURES;FTSE DEVELOPED EUROPE INDEX;FTSE EMERGING INDEX;GBP/AUD CROSS RATE FUTURES;GBP/CAD CROSS RATE FUTURES;GBP/CHF CROSS RATE FUTURES;GBP/JPY CROSS RATE FUTURES;GBP/NOKCROSS RATE FUTURES;GBP/SEK CROSS RATE FUTURES;GOLD FUTURES;HEALTH CARE SECTOR FUTURES (XAV);HUF/EUR CROSS RATE FUTURES;HUNGARIAN FORINT FUTURES;INDUSTRIAL SECTOR FUTURES (XAI);IRON ORE CFR CHINA (TSI) FUTURES;ISRAELI SHEKEL FUTURES;JAPANESE YEN FUTURES/E-MICRO (M6J);KOREAN WON FUTURES;LEAD FUTURES;LITHIUM FUTURES;LNG EAST ASIA NAT GAS;MATERIAL SECTOR FUTURES (XAB);MEXICAN F-TIIE FUTURES;MICRO 10-YEAR TREASURY YIELD FUTURES;MICRO 2-YEAR TREASURY YIELD FUTURES;MICRO 30-YEAR TREASURY YIELD FUTURES;MICRO 5-YEAR TREASURY YIELD FUTURES;MICRO ULTRA 10-YEAR NOTES;MICRO ULTRA BONDS ;MINI FTSE CHINA 50 INDEX;MINI IPOX FUTURES;MINI NASDAQ BIOTECH FUTURES;MINI RUSSELL 1000 GROWTH;MINI RUSSELL 1000 INDEX;MINI RUSSELL 1000 VALUE;MINI RUSSELL 2000 GROWTH;MINI RUSSELL 2000 VALUE;MINI S&P 500 ESG FUTURES;MINI S&P EUROPE 350 ESG FUTURES;MINI S&P MIDCAP FUTURES;MINI S&P SMALLCAP FUTURES;MOLYBDENUM OXIDE;NASDAQ COMPOSITE INDEX FUTURES;NASDAQ DIVIDEND INDEX;NASDAQ VELES CALIFORNIA WATER INDEX FUTURES;NAT GAS FIXED,SWING,INDEX- CMED;NATURAL GAS FUTURES;NIKKEI 225 FUTURES (JPY);NIKKEI 225 FUTURES (USD);NOK/SEK CROSS RATE FUTURES;NORWEGIAN KRONE FUTURES;NYMEX ENVIRONMENTAL FUTURES;NZD/CAD CROSS RATE FUTURES;NZD/JPY CROSS RATE FUTURES;PALLADIUM FUTURES;PER DAY HENRY HUB SWAP FUTURES;PHILLY STOCK EXCH SEMICONDUCT INDEX FUTURE;PLATINUM FUTURES;PLN/EUR CROSS RATE FUTURES;POLISH ZLOTY FUTURES;REAL ESTATE SECTOR FUTURES (XAR);REFINED FUTURES ;RIN BIOFUEL FUTURES;RMB/EUR CROSS RATE FUTURES;RMB/USD CROSS RATE FUTURES;RUPEE FUTURES/E-MICRO (MIR);RUPIAH/US DOLLAR (IDR/USD) FUTURES;RUSSELL 2000 DIVIDEND INDEX;S&P BIOTECH SELECT INDEX FUTURE;S&P DIVIDEND INDEX;S&P EQUAL WEIGHT INDEX;S&P GROWTH FUTURES;S&P GSCI COMMODITY INDEX;S&P GSCI ER FUTURES;S&P INSURANCE SELECT INDEX FUTURE;S&P OIL&GAS EXPLORE/PROD SELECT INDEX FUTURE;S&P REGIONAL BANK SELECT INDEX FUTURE;S&P RETAIL SELECT INDEX FUTURE;S&P VALUE FUTURES;SHANGHAI GOLD FUTURES;SILVER FUTURES;SINGAPORE/US DOLLAR (SGD/USD) FUTURES;SOUTH AFRICAN RAND FUTURES;SOUTH ASIA SOYBEAN OIL FUTURES;SOYBEAN- NY HARBOR ULSD SPREAD FINANCIAL FUTURES;SPOT QUOTED BITCOIN FUTURES ;SPOT QUOTED DOW JONES IND AVG FUTURES;SPOT QUOTED ETHER FUTURES;SPOT QUOTED NASDAQ 100 FUTURES;SPOT QUOTED RUSSELL 2000 FUTURES;SPOT QUOTED S&P 500 FUTURES;SPOT QUOTED SOL FUTURES ;SPOT QUOTED XRP FUTURES ;SUGAR #11 FUTURES;SWEDISH KRONA FUTURES;SWISS FRANC FUTURES/E-MICRO (M6S);TECHNOLOGY SECTOR FUTURES (XAK);THAI BAHT/US DOLLAR (THB/USD) FUTURES;TOPIX FUTURES ;TURKISH LIRA/US DOLLAR FUTURES;URANIUM FUTURES;US LNG EXPORT FUTURES;US MIDWEST DOMESTIC STEEL FUTURES;US MIDWEST HOT ROLLED STEEL FUTURES;US TREASURY BILL FUTURES;USD IBOVESPA INDEX FUTURES (IB);UTILITIES SECTOR FUTURES (XAU);ZINC FUTURES	0A,0B,0C,0E,10Y,1D0,1D1,1D2,1D4,1E,1G6,1H,1H0,1H1,1H2,1H3,1H4,1H5,1H6,1H7,1HQ,1HR,1HS,1HW,1LP,1NA,1NM,1OZ,1S,1T,1Y,1ZA,20U,22,23,25U,26,27,2D,2FW,2JW,2K0,2K1,2K2,2K3,2K4,2K5,2K6,2K7,2KP,2KQ,2KR,2KS,2KW,2YY,2ZW,30U,30Y,33K,35U,3G0,3G1,3G2,3G4,3G6,3K0,3K1,3K2,3K3,3K4,3K5,3K6,3K7,3KP,3KQ,3KS,3KW,3L,3NA,3NB,3P,3V,3XW,3ZW,40U,45U,4C,4D0,4D1,4D2,4D4,4G6,4GC,4H0,4H1,4H2,4H3,4H4,4H5,4H6,4H7,4HQ,4HR,4HS,4HW,4LP,4V,4XW,50U,51,55U,5L,5Y,5YY,60U,63,65U,6EP,6H,6L,6Z,70U,7D,7F,7IF,7IS,7N,7V,7X,88,8D,8W,9Q,A0D,A0F,A1D,A1G,A1L,A1M,A1P,A1R,A1U,A1V,A1W,A1X,A32,A33,A38,A3C,A3G,A3M,A3N,A3Q,A3R,A42,A43,A4L,A4M,A4Q,A4R,A55,A58,A59,A5C,A6L,A6V,A6W,A6X,A7E,A7G,A7I,A7L,A7Q,A7Y,A81,A8B,A8C,A8G,A8I,A8J,A8K,A8L,A8M,A8O,A91,A9N,AA3,AA4,AA5,AA6,AA7,AA8,AA9,AB6,AB7,ABH,ABI,ABS,ABT,ABX,ABY,AC0,ACB,ACD,ACS,ACU,AD0,ADB,AE5,AEB,AEP,AET,AEZ,AFE,AFF,AFH,AFI,AFK,AFY,AGA,AGE,AGT,AGX,AH3,AHJ,AHL,AHM,AI1,AI2,AI3,AI4,AI5,AI6,AI7,AI9,AJ,AJ1,AJ9,AJB,AJJ,AJL,AJR,AJS,AJY,AK1,AKL,AKR,AKS,AKX,AKZ,AL9,ALA,ALB,ALI,ALM,ALY,AM1,AML,AN1,ANE,ANL,ANT,AO1,AOB,AOH,AOJ,AP1,AP2,AP3,AP4,AP5,AP7,AP8,AP9,APA,APS,AQ5,AQA,AQK,AR0,AR1,AR4,AR6,ARE,ARY,ASD,ASP,AT0,ATP,ATU,ATY,AU2,AU3,AU4,AU5,AU6,AUB,AUF,AUH,AUI,AUJ,AUP,AUS,AUW,AV0,AVK,AVL,AVU,AVZ,AW2,AWJ,AWQ,AXB,AY,AYV,AYX,AZ0,AZ1,AZ5,AZ7,B0,B1,B1S,B2K,B7H,B8,BB,BCH,BCR,BDB,BDT,BEB,BEF,BFR,BG1,BG2,BG3,BHO,BIO,BK,BKB,BKT,BOO,BPA,BPU,BR7,BUC,BWH,C2E,C4Z,CBB,CC5,CCM,CFB,CFC,CGB,CHP,CJ,CJY,CLD,CMB,CMF,CMS,CNH,COB,COH,COL,CPB,CPD,CPO,CPP,CPV,CRB,CS1,CS2,CS3,CS4,CS5,CS6,CSX,CU,CUP,CY,CZK,D0,D0X,D0Z,D1,D1N,D1X,D1Z,D2,D2L,D2X,D2Z,D3L,D4,D4L,D4X,D4Z,DAB,DAX,DAZ,DBB,DBL,DBT,DBZ,DCB,DCL,DCW,DEB,DEP,DFN,DHA,DHB,DHY,DLB,DRS,DTF,DTH,DVE,E1S,E3G,E6,E6M,E7,E9X,EAA,EAB,EAC,EAD,EAE,EAW,EBE,ECD,ECF,ECK,EDP,EFF,EFM,EGB,EGN,EHB,EHF,EHL,EHR,EI,EJL,EL,EL1,EMC,EN,ENK,ENP,ENS,ENY,ENZ,EO1,EOB,EP1,EPN,EPZ,EQ1,ERL,ES1,ES2,ESB,ESG,ESK,ESR,ESS,EUB,EUS,EVC,EWB,EWF,EWG,EWN,EXR,F1S,F3,FAL,FBD,FBT,FCB,FCN,FEF,FEW,FL,FLB,FLJ,FLP,FO,FOA,FOM,FOR,FRC,FRS,FSF,FSS,FT5,FTL,FVB,G0,G02,G0K,G0N,G1,G12,G1K,G1N,G2,G22,G2K,G2N,G4,G42,G4K,G4N,G6,G62,G6K,G6N,G6X,G6Z,GBB,GBR,GCB,GCC,GCG,GCI,GCM,GCU,GD,GDL,GEO,GES,GFC,GIE,GKS,GMB,GMS,GNB,GNL,GNO,GNS,GOC,GSW,GUD,GWT,GY,GZ,H0,H0X,H0Z,H1,H1X,H1Z,H2,H2L,H2O,H2X,H2Z,H3,H3X,H3Z,H4,H4X,H4Z,H5,H5B,H5F,H5G,H5L,H5X,H5Z,H6,H6X,H6Z,H7,H7X,H7Z,HBX,HCS,HDG,HGB,HGS,HH,HHW,HIA,HIL,HJC,HLT,HOA,HOB,HP,HPD,HPE,HQ,HQX,HQZ,HR,HRC,HRP,HRX,HRZ,HS,HSX,HSZ,HTA,HTB,HTT,HUF,HVG,HVO,HW,HWA,HWX,HWZ,HYB,IBS,IBV,IDL,IDR,ILS,IPC,IPF,IPO,IPS,IQB,IQL,IQS,IQY,ITB,ITP,J7,JA,JBK,JBT,JCB,JCC,JCY,JE,JET,JFB,JFC,JKB,JKD,JKF,JKM,JKY,JLC,JNC,JNL,JPK,JPT,JSB,JTB,K0,K0K,K0N,K1,K1K,K1N,K2,K2K,K2L,K2N,K3,K3K,K3L,K3N,K4,K4K,K4L,K4N,K5,K5K,K5N,K6,K6K,K6N,K7,K7K,K7N,KP,KPK,KPN,KQ,KQK,KQN,KR,KRK,KRN,KRW,KS,KSK,KSN,KT,KW,KWK,KWN,LAF,LAP,LBU,LCS,LED,LEL,LHV,LL,LNG,LP,LPE,LPX,LPZ,LSW,LT,LTC,LTH,M1B,M35,MAA,MAB,MAC,MAE,MAF,MAS,MBA,MBB,MBC,MBE,MBL,MBM,MBO,MBR,MBS,MCB,MCD,MCE,MCF,MCN,MCS,MDB,ME,MEB,MEE,MEF,MEO,MEW,MFB,MFC,MFD,MFP,MFR,MGB,MGE,MGF,MGH,MGN,MGS,MH,MHE,MHO,MIP,MIR,MJB,MJC,MJN,MJP,MJY,MM,MMC,MMF,MMO,MMP,MMR,MNB,MNC,MNI,MNK,MNS,MNT,MO,MOI,MOX,MPE,MPS,MPX,MQ,MQA,MRB,MRI,MRT,MSB,MSC,MSD,MSF,MSG,MT2,MTB,MTH,MTI,MTN,MTS,MUD,MWN,MXB,MXR,N1B,N1S,N3P,NA2,NA3,NBB,NBD,NBO,NBP,NCD,NCO,NCP,NDA,NEO,NEP,NFC,NFD,NFG,NFO,NGO,NHH,NHO,NHP,NIE,NIY,NJY,NLS,NMO,NMP,NN,NNE,NNP,NOD,NOK,NOO,NOT,NPG,NRO,NRP,NRR,NSK,NSO,NSP,NTP,NWD,NWM,NWO,NWP,NYF,NYP,NZC,OAD,OFF,OMM,OMN,OOD,OPF,OPO,PAC,PAD,PAM,PAU,PBT,PCD,PDL,PEX,PFP,PGG,PHF,PJY,PLM,PLN,PMF,PNF,PNK,POB,POG,PPP,PPW,PR4,PR6,PSF,PSK,PTL,QBTC,QC,QCN,QCS,QDOW,QETH,QH,QI,QNDX,QO,QRTY,QSOL,QSPX,QU,QXRP,R2G,R2V,R4B,R53,R5B,R5E,R5F,R5M,R5O,R6B,RBB,RBF,RBM,RDA,RF,RGF,RGI,RKA,RLX,RMB,RME,RN3,RN4,RN6,RP,RS1,RSG,RSV,RT,RVR,RX,RY,S1S,S53,S5B,S5F,S5M,S5O,SBM,SCB,SCT,SD,SDA,SDI,SE,SEK,SF1,SF3,SFB,SG,SGB,SGC,SGD,SGF,SGO,SGU,SHR,SIC,SIR,SJY,SMC,SMU,SOX,SPM,SR5,SRB,SSW,STI,STR,STS,STY,SU,SXB,SXI,SXO,SXR,SXT,T1B,T1S,T2B,T2D,T2M,T3B,T3L,T4B,T4D,T5B,T5C,T6B,T7C,T7K,T8B,T8C,TB2,TBF3,TBK,TC1,TC6,TC7,TCS,TD3,TD8,TDM,TEF,TF2,TFB,TFU,TH,THAI,THB,THD,TI3,TIE,TIL,TIO,TK,TKB,TL,TLB,TLD,TM,TMB,TMD,TPD,TPY,TRL,TT,TTB,TTD,TTE,TTF,TTG,TTH,TTI,TTP,TW,TWE,U7,U9,UA,UCD,UCG,UCM,UCO,UCR,UCS,UFB,UFE,UFV,UHC,UHT,UKG,ULB,UME,UN,UNO,UP5,UPB,UPM,UR,USC,USE,UV,UX,V7,VR,VV,W0,WBR,WBX,WCW,WDB,WHB,WHD,WHT,WMB,WMD,WMR,WNB,WNT,WS,WTB,WTD,WTI,WTL,WTT,X0,X6,X7,X9,XAB,XAE,XAF,XAI,XAK,XAP,XAR,XAU,XAV,XAY,XAZ,XER,XEU,XPP,XTB,XTT,XUB,XUK,YHE,YHF,YIA,YIB,YIC,YID,YIE,YII,YIL,YIO,YIT,YIW,YIY,YNO,YO,YRP,YRW,YUE,YVB,YWE,YWF,YWK,Z1B,Z3N,Z4,Z6,ZAL,ZGL,ZJL,ZKU,ZNC	75=20260831|386=3|336=21|341=20260830210000000000|625=30|336=17|341=20260830220000000000|336=4|341=20260831210000000000|75=20260901|386=3|336=21|341=20260831214500000000|625=30|336=17|341=20260831220000000000|336=4|341=20260901210000000000|75=20260902|386=3|336=21|341=20260901214500000000|625=30|336=17|341=20260901220000000000|336=4|341=20260902210000000000|75=20260903|386=3|336=21|341=20260902214500000000|625=30|336=17|341=20260902220000000000|336=4|341=20260903210000000000|75=20260904|386=3|336=21|341=20260903214500000000|625=30|336=17|341=20260903220000000000|336=4|341=20260904210000000000
cdfb6991d0a44427cfcfb9cdf2a11b9d54a2cb0241bb6153eb8a8cf0baed32dd	51	2240	42	not_seen_on_authored_roots			68:BV;68:DB;68:DH;68:ED;68:H4;68:H5;68:H6;68:H7;68:H8;68:H9;68:IT;68:MM;68:NB;68:PB;68:PM;68:PS;68:PV;68:R1;68:R2;68:R3;68:RB;68:RD;68:RT;68:S6;68:SB;68:SL;68:T2;68:TB;68:TC;68:TF;68:TK;68:TL;68:TN;68:TO;68:TQ;68:TU;68:TV;68:TX;68:TY;68:TZ;68:WC;84:CG	BTIC BLOOMBERG CREDIT FUTURES;BTIC CARRY ADJUSTED IR S&P TOTAL RETURN;BTIC COMMUNICATION SECTOR FUTURES;BTIC CONSUMER DISCRETIONARY SECTOR FUTURES;BTIC CONSUMER STAPLES SECTOR FUTURES;BTIC DOW JONES IND AVG TOTAL RETURN;BTIC DOW REAL ESTATE FUTURES;BTIC ENERGY SECTOR FUTURES;BTIC FINANCIAL SECTOR FUTURES;BTIC FTSE EMERGING INDEX;BTIC HEALTH CARE SECTOR FUTURES;BTIC INDUSTRIAL SECTOR FUTURES;BTIC MATERIAL SECTOR FUTURES ;BTIC MINI DOW;BTIC MINI IPOX;BTIC MINI MIDCAP 400;BTIC MINI NASDAQ;BTIC MINI RUSSELL 1000 GROWTH;BTIC MINI RUSSELL 1000 INDEX;BTIC MINI RUSSELL 1000 VALUE;BTIC MINI RUSSELL 2000 GROWTH;BTIC MINI RUSSELL 2000 INDEX;BTIC MINI RUSSELL 2000 VALUE;BTIC MINI S&P;BTIC MINI S&P 500 ESG INDEX FUTURES;BTIC MINI S&P SMALL CAP 600 INDEX FUTURES;BTIC MINI S&P/BMV IPC INDEX FUTURES;BTIC NASDAQ BIOTECH FUTURES;BTIC PHILLY STOCK EXCH SEMICONDUCT INDEX FUTURE;BTIC REAL ESTATE SECTOR FUTURES;BTIC S&P 500 GROWTH INDEX FUTURES;BTIC S&P 500 VALUE INDEX FUTURES;BTIC S&P BIOTECH SELECT INDEX FUTURE;BTIC S&P EQUAL WEIGHT INDEX FUTURE;BTIC S&P INSURANCE SELECT INDEX FUTURE;BTIC S&P MONTH-END FUTURES;BTIC S&P OIL&GAS EXPLORE/PROD SELECT INDEX FUTURE;BTIC S&P REGIONAL BANK SELECT INDEX FUTURE;BTIC S&P RETAIL SELECT INDEX FUTURE;BTIC SP TOTAL RETURN;BTIC TECHNOLOGY SECTOR FUTURES ;BTIC UTILITIES SECTOR FUTURES	2GT,2VT,A2T,ADT,AQT,ART,ASPT,AST,BIT,BOT,DLBT,EGT,EIT,EMT,EST,EWFT,HYBT,IPCT,IPT,IQBT,IQLT,IQST,IQYT,IST,NQT,R1T,RET,REX,RGT,RKT,RLT,RVT,SGT,SMET,SMT,SOT,SUT,SWT,TRB,XBT,XET,XFT,XIT,XKT,XPT,XRT,XUT,XVT,XYT,XZT,YMT	75=20260831|386=3|336=21|341=20260830210000000000|625=30|336=17|341=20260830220000000000|336=4|341=20260831200000000000|75=20260901|386=3|336=21|341=20260831214500000000|625=30|336=17|341=20260831220000000000|336=4|341=20260901200000000000|75=20260902|386=3|336=21|341=20260901214500000000|625=30|336=17|341=20260901220000000000|336=4|341=20260902200000000000|75=20260903|386=3|336=21|341=20260902214500000000|625=30|336=17|341=20260902220000000000|336=4|341=20260903200000000000|75=20260904|386=3|336=21|341=20260903214500000000|625=30|336=17|341=20260903220000000000|336=4|341=20260904200000000000
ea2783d2531e4e67d5fe10742b70a735033704f8a19dfb2c758184d8a1bcb7d9	18	756	18	not_seen_on_authored_roots			70:7A;70:7E;70:7G;70:7H;70:7L;70:7M;70:7R;70:8G;70:8Q;70:8R;70:8S;70:8T;70:8U;70:8X;70:AW;70:B7;70:FW;70:FX	BLOOMBERG COMM AGRICULTURE INDEX FUTURES;BLOOMBERG COMM ENERGY INDEX FUTURES;BLOOMBERG COMM GRAIN INDEX FUTURES;BLOOMBERG COMM INDEX FUTURES;BLOOMBERG COMM LIVESTOCK INDEX FUTURES;BLOOMBERG COMM METAL INDEX FUTURES;BLOOMBERG COMM PETROLEUM INDEX FUTURES;BLOOMBERG COMM PRECIOUS METAL INDEX FUTURES;BTIC BLOOMBERG COMM  METALS INDEX FUTURES;BTIC BLOOMBERG COMM AGS INDEX FUTURES;BTIC BLOOMBERG COMM ENERGY INDEX FUTURES;BTIC BLOOMBERG COMM GRAINS INDEX FUTURES;BTIC BLOOMBERG COMM INDEX;BTIC BLOOMBERG COMM LIVESTOCK INDEX FUTURES;BTIC BLOOMBERG COMM PETROLEUM INDEX FUTURES;BTIC BLOOMBERG COMM PRECIOUS METALS INDEX FUTURES;BTIC FTSE CORE COMMODITY CRB INDEX ;FTSE CORE COMMODITY CRB INDEX FUTURES	AW,AWT,BAG,BAT,BEN,BET,BGR,BGT,BLI,BLT,BME,BMT,BPE,BPR,BPT,BST,CCI,CCT	75=20260831|386=3|336=21|341=20260830210000000000|625=30|336=17|341=20260831131500000000|336=4|341=20260831183000000000|75=20260901|386=3|336=21|341=20260831214500000000|625=30|336=17|341=20260901131500000000|336=4|341=20260901183000000000|75=20260902|386=3|336=21|341=20260901214500000000|625=30|336=17|341=20260902131500000000|336=4|341=20260902183000000000|75=20260903|386=3|336=21|341=20260902214500000000|625=30|336=17|341=20260903131500000000|336=4|341=20260903183000000000|75=20260904|386=3|336=21|341=20260903214500000000|625=30|336=17|341=20260904131500000000|336=4|341=20260904183000000000
663f83ffd1aa628cfdbfc2e47d7611b9ef0bb37b4771a2e31354e32b0c9f1c64	16	1230	9	matches_authored_root_envelope	globex_cryptocurrency	BTC,ETH,MBT,MET	74:BF;74:CN;74:E3;74:EM;74:GB;74:LA;74:LK;74:OE;74:XD	ADA FUTURES;BITCOIN FUTURES;ETHER/BITCOIN RATIO FUTURES;EURO BITCOIN FUTURES;EURO ETHER DOLLAR FUTURES;LINK FUTURES;LUMENS FUTURES;SOLANA FUTURES;XRP FUTURES	ADA,BFF,BTE,EBM,EBR,EEM,ETE,LNK,MCA,MLN,MSL,MXL,MXP,SOL,XLM,XRP	75=20260831|386=6|336=21|341=20260828210100000000|625=30|336=17|341=20260828210200000000|336=21|341=20260829104500000000|625=30|336=17|341=20260829110000000000|336=18|341=20260829070000000000|336=4|341=20260831210000000000|75=20260901|386=3|336=21|341=20260831210100000000|625=30|336=17|341=20260831210200000000|336=4|341=20260901210000000000|75=20260902|386=3|336=21|341=20260901210100000000|625=30|336=17|341=20260901210200000000|336=4|341=20260902210000000000|75=20260903|386=3|336=21|341=20260902210100000000|625=30|336=17|341=20260902210200000000|336=4|341=20260903210000000000|75=20260904|386=3|336=21|341=20260903210100000000|625=30|336=17|341=20260903210200000000|336=4|341=20260904210000000000|75=20260908|386=8|336=21|341=20260904210100000000|625=30|336=17|341=20260904210200000000|336=21|341=20260905084500000000|625=30|336=17|341=20260905090000000000|336=21|341=20260907210100000000|625=30|336=17|341=20260907210200000000|336=18|341=20260905070000000000|336=4|341=20260908210000000000
46e0628dad5ffa0eacddee698235dd76571392d552ef99bf3f71cd284465fcb8	15	1215	12	matches_authored_root_envelope	globex_grains	KE,ZC,ZL,ZM,ZO,ZS,ZW	70:CR;70:KE;70:MH;70:RH;70:WH;70:XC;70:XK;70:XW;70:ZC;70:ZL;70:ZS;70:ZW	CANADIAN WESTERN WHEAT FUTURES;CORN FUTURES;DUTCH MILL RAPESEED OIL FUTURES;HARD RED SPRING WHEAT FUTURES ;KCBT MINI WHEAT FUTURES;KCBT WHEAT FUTURES;MINI CORN FUTURES;MINI SOYBEANS FUTURES;MINI WHEAT FUTURES;SOYBEAN FUTURES;SOYBEAN OILSHARE FUTURES;WHEAT FUTURES	CWD,CWR,HRS,KWD,MKC,MZC,MZL,MZM,MZS,MZW,OSF,RSO,XC,XK,XW	75=20260831|386=9|336=21|341=20260830210000000000|625=30|336=17|341=20260831000000000000|336=2|341=20260831124500000000|336=21|341=20260831130000000000|625=30|336=17|341=20260831133000000000|336=2|341=20260831182000000000|336=26|341=20260831193000000000|336=18|341=20260831183000000000|336=4|341=20260831210000000000|75=20260901|386=9|336=21|341=20260831214500000000|625=30|336=17|341=20260901000000000000|336=2|341=20260901124500000000|336=21|341=20260901130000000000|625=30|336=17|341=20260901133000000000|336=2|341=20260901182000000000|336=26|341=20260901193000000000|336=18|341=20260901183000000000|336=4|341=20260901210000000000|75=20260902|386=9|336=21|341=20260901214500000000|625=30|336=17|341=20260902000000000000|336=2|341=20260902124500000000|336=21|341=20260902130000000000|625=30|336=17|341=20260902133000000000|336=2|341=20260902182000000000|336=26|341=20260902193000000000|336=18|341=20260902183000000000|336=4|341=20260902210000000000|75=20260903|386=9|336=21|341=20260902214500000000|625=30|336=17|341=20260903000000000000|336=2|341=20260903124500000000|336=21|341=20260903130000000000|625=30|336=17|341=20260903133000000000|336=2|341=20260903182000000000|336=26|341=20260903193000000000|336=18|341=20260903183000000000|336=4|341=20260903210000000000|75=20260904|386=9|336=21|341=20260903214500000000|625=30|336=17|341=20260904000000000000|336=2|341=20260904124500000000|336=21|341=20260904130000000000|625=30|336=17|341=20260904133000000000|336=2|341=20260904182000000000|336=26|341=20260904193000000000|336=18|341=20260904183000000000|336=4|341=20260904210000000000
b5ee68de53f90e83228077b7e8799e4fb9c85a2725c7b28c697b92267b066227	15	1150	8	not_seen_on_authored_roots			74:4C;74:4E;74:BI;74:FN;74:L6;74:LS;74:RN;74:XH	BTIC ADA FUTURES NY SETTLE;BTIC BITCOIN FRIDAY;BTIC BITCOIN FUTURES NY SETTLE;BTIC ETHER FUTURES NY SETTLE;BTIC LINK FUTURES NY SETTLE;BTIC LUMENS FUTURES NY SETTLE;BTIC SOLANA FUTURES NY SETTLE;BTIC XRP FUTURES NY SETTLE	BFB,BNB,CNB,CYB,ENB,EYB,LNB,LYB,MYB,ONB,RNB,SNB,XNB,XYB,YLB	75=20260831|386=8|336=21|341=20260828200130000000|625=30|336=17|341=20260828200500000000|336=21|341=20260828210100000000|625=30|336=17|341=20260828210200000000|336=21|341=20260829104500000000|625=30|336=17|341=20260829110000000000|336=18|341=20260829070000000000|336=4|341=20260831200000000000|75=20260901|386=5|336=21|341=20260831200130000000|625=30|336=17|341=20260831200500000000|336=21|341=20260831210100000000|625=30|336=17|341=20260831210200000000|336=4|341=20260901200000000000|75=20260902|386=5|336=21|341=20260901200130000000|625=30|336=17|341=20260901200500000000|336=21|341=20260901210100000000|625=30|336=17|341=20260901210200000000|336=4|341=20260902200000000000|75=20260903|386=5|336=21|341=20260902200130000000|625=30|336=17|341=20260902200500000000|336=21|341=20260902210100000000|625=30|336=17|341=20260902210200000000|336=4|341=20260903200000000000|75=20260904|386=5|336=21|341=20260903200130000000|625=30|336=17|341=20260903200500000000|336=21|341=20260903210100000000|625=30|336=17|341=20260903210200000000|336=4|341=20260904200000000000|75=20260908|386=13|336=21|341=20260904200130000000|625=30|336=17|341=20260904200500000000|336=21|341=20260904210100000000|625=30|336=17|341=20260904210200000000|336=21|341=20260905084500000000|625=30|336=17|341=20260905090000000000|336=21|341=20260907200130000000|625=30|336=17|341=20260907200500000000|336=21|341=20260907210100000000|625=30|336=17|341=20260907210200000000|336=18|341=20260905070000000000|336=18|341=20260907200000000000|336=4|341=20260908200000000000
44772dac78c8996d61f13a1e1a1f407b108e2cd891310bfb868c0cff5f35bed9	11	693	1	not_seen_on_authored_roots			70:HI	REAL ESTATE FUTURES (HI)	BOS,CHI,CUS,DEN,LAV,LAX,MIA,NYM,SDG,SFR,WDC	75=20260831|386=3|336=21|341=20260831130000000000|625=30|336=17|341=20260831131500000000|336=4|341=20260831200000000000|75=20260901|386=3|336=21|341=20260901130000000000|625=30|336=17|341=20260901131500000000|336=4|341=20260901200000000000|75=20260902|386=3|336=21|341=20260902130000000000|625=30|336=17|341=20260902131500000000|336=4|341=20260902200000000000|75=20260903|386=3|336=21|341=20260903130000000000|625=30|336=17|341=20260903131500000000|336=4|341=20260903200000000000|75=20260904|386=3|336=21|341=20260904130000000000|625=30|336=17|341=20260904131500000000|336=4|341=20260904200000000000
76d40ec0092782f161fe4e033a835c82afa0f7226b017419e8b793564cc8b804	9	670	4	not_seen_on_authored_roots			74:BX;74:LL;74:RJ;74:XJ	BTIC BITCOIN FUTURES;BTIC ETHER FUTURES;BTIC SOLANA FUTURES;BTIC XRP FUTURES	BLB,BTB,EMB,ETB,MIB,OLB,RLB,SLB,XLB	75=20260831|386=8|336=21|341=20260828150130000000|625=30|336=17|341=20260828150500000000|336=21|341=20260828210100000000|625=30|336=17|341=20260828210200000000|336=21|341=20260829104500000000|625=30|336=17|341=20260829110000000000|336=18|341=20260829070000000000|336=4|341=20260831150000000000|75=20260901|386=5|336=21|341=20260831150130000000|625=30|336=17|341=20260831150500000000|336=21|341=20260831210100000000|625=30|336=17|341=20260831210200000000|336=4|341=20260901150000000000|75=20260902|386=5|336=21|341=20260901150130000000|625=30|336=17|341=20260901150500000000|336=21|341=20260901210100000000|625=30|336=17|341=20260901210200000000|336=4|341=20260902150000000000|75=20260903|386=5|336=21|341=20260902150130000000|625=30|336=17|341=20260902150500000000|336=21|341=20260902210100000000|625=30|336=17|341=20260902210200000000|336=4|341=20260903150000000000|75=20260904|386=5|336=21|341=20260903150130000000|625=30|336=17|341=20260903150500000000|336=21|341=20260903210100000000|625=30|336=17|341=20260903210200000000|336=4|341=20260904150000000000|75=20260908|386=13|336=21|341=20260904150130000000|625=30|336=17|341=20260904150500000000|336=21|341=20260904210100000000|625=30|336=17|341=20260904210200000000|336=21|341=20260905084500000000|625=30|336=17|341=20260905090000000000|336=21|341=20260907150130000000|625=30|336=17|341=20260907150500000000|336=21|341=20260907210100000000|625=30|336=17|341=20260907210200000000|336=18|341=20260905070000000000|336=18|341=20260907150000000000|336=4|341=20260908150000000000
b83ff283ebd42a51d2cbafb8aab2c7f2258f71589e9247e34ac95a5446bda6c5	8	192	4	not_seen_on_authored_roots			74:CI;74:CM;74:LT;74:XQ	BITCOIN TAS (TBT/TBM);ETHER TAS (TET/TEM) ;SOLANA TAS (TSL//TMS) ;XRP TAS (TXP//TMX) 	TBM,TBT,TEM,TET,TMS,TMX,TSL,TXP	75=20260831|386=8|336=2|341=20260828210030000000|336=21|341=20260828210100000000|625=30|336=17|341=20260828210200000000|336=2|341=20260829104500000000|336=21|341=20260829104530000000|625=30|336=17|341=20260829110000000000|336=18|341=20260829070000000000|336=4|341=20260831200000000000|75=20260901|386=6|336=2|341=20260831200100000000|336=21|341=20260831200130000000|625=30|336=17|341=20260831200500000000|336=2|341=20260831210100000000|336=17|341=20260831210200000000|336=4|341=20260901200000000000|75=20260902|386=6|336=2|341=20260901200100000000|336=21|341=20260901200130000000|625=30|336=17|341=20260901200500000000|336=2|341=20260901210100000000|336=17|341=20260901210200000000|336=4|341=20260902200000000000|75=20260903|386=6|336=2|341=20260902200100000000|336=21|341=20260902200130000000|625=30|336=17|341=20260902200500000000|336=2|341=20260902210100000000|336=17|341=20260902210200000000|336=4|341=20260903200000000000|75=20260904|386=6|336=2|341=20260903200100000000|336=21|341=20260903200130000000|625=30|336=17|341=20260903200500000000|336=2|341=20260903210100000000|336=17|341=20260903210200000000|336=4|341=20260904200000000000|75=20260908|386=10|336=2|341=20260904210030000000|336=21|341=20260904210100000000|625=30|336=17|341=20260904210200000000|336=2|341=20260905084500000000|336=21|341=20260905084530000000|625=30|336=17|341=20260905090000000000|336=2|341=20260907210100000000|336=17|341=20260907210200000000|336=18|341=20260905070000000000|336=4|341=20260908200000000000
11258089b46320cec85e39bf95e564ec4ce751d6c884f9c4304fe393499c1be0	6	447	1	not_seen_on_authored_roots			80:CT	CRUDE/HEAT/RBOB TAS (CLT,HOT,RBT)	BBT,BZT,CLT,HOT,MCT,RBT	75=20260831|386=4|336=2|341=20260830210000000000|336=21|341=20260830210030000000|625=30|336=17|341=20260830220000000000|336=4|341=20260831183000000000|75=20260901|386=4|336=2|341=20260831214500000000|336=21|341=20260831214530000000|625=30|336=17|341=20260831220000000000|336=4|341=20260901183000000000|75=20260902|386=4|336=2|341=20260901214500000000|336=21|341=20260901214530000000|625=30|336=17|341=20260901220000000000|336=4|341=20260902183000000000|75=20260903|386=4|336=2|341=20260902214500000000|336=21|341=20260902214530000000|625=30|336=17|341=20260902220000000000|336=4|341=20260903183000000000|75=20260904|386=4|336=2|341=20260903214500000000|336=21|341=20260903214530000000|625=30|336=17|341=20260903220000000000|336=4|341=20260904183000000000
6592464f0a5c9f4c0c225dc775eba2a7d761fd8e9468de13ad328db269cfe853	6	266	3	not_seen_on_authored_roots			70:TA;70:TP;70:TW	TAS CORN;TAS SOYBEAN/MEAL/OIL;TAS WHEAT (SRW/HRW)	KET,SBT,ZCT,ZLT,ZMT,ZWT	75=20260831|386=7|336=2|341=20260830210000000000|336=21|341=20260830210035000000|625=30|336=17|341=20260831000000000000|336=2|341=20260831124500000000|336=21|341=20260831130000000000|625=30|336=17|341=20260831133000000000|336=4|341=20260831181500000000|75=20260901|386=7|336=2|341=20260831214500000000|336=21|341=20260831214535000000|625=30|336=17|341=20260901000000000000|336=2|341=20260901124500000000|336=21|341=20260901130000000000|625=30|336=17|341=20260901133000000000|336=4|341=20260901181500000000|75=20260902|386=7|336=2|341=20260901214500000000|336=21|341=20260901214535000000|625=30|336=17|341=20260902000000000000|336=2|341=20260902124500000000|336=21|341=20260902130000000000|625=30|336=17|341=20260902133000000000|336=4|341=20260902181500000000|75=20260903|386=7|336=2|341=20260902214500000000|336=21|341=20260902214535000000|625=30|336=17|341=20260903000000000000|336=2|341=20260903124500000000|336=21|341=20260903130000000000|625=30|336=17|341=20260903133000000000|336=4|341=20260903181500000000|75=20260904|386=7|336=2|341=20260903214500000000|336=21|341=20260903214535000000|625=30|336=17|341=20260904000000000000|336=2|341=20260904124500000000|336=21|341=20260904130000000000|625=30|336=17|341=20260904133000000000|336=4|341=20260904181500000000
8d73ed510ad41a259e4f3ad779f0ec54a87f5d7433d02dd36308436ca79d1b60	6	1050	3	not_seen_on_authored_roots			70:CB;70:DC;70:DY	CASH BUTTER FUTURES;DRY WHEY/NON-FAT DRY MILK FUTURES;MILK/CASH CHEESE FUTURES	CB,CSC,DC,DY,GDK,GNF	75=20260831|386=3|336=21|341=20260830210000000000|625=30|336=17|341=20260830220000000000|336=4|341=20260831210000000000|75=20260901|386=3|336=21|341=20260831214500000000|625=30|336=17|341=20260831220000000000|336=4|341=20260901210000000000|75=20260902|386=3|336=21|341=20260901214500000000|625=30|336=17|341=20260901220000000000|336=4|341=20260902210000000000|75=20260903|386=3|336=21|341=20260902214500000000|625=30|336=17|341=20260902220000000000|336=4|341=20260903210000000000|75=20260904|386=3|336=21|341=20260903214500000000|625=30|336=17|341=20260903220000000000|336=4|341=20260904185500000000
9635c56fe1163fe61aa3ec0c64f7c8e9b654d1df76b298d7b726f73fa8ca4105	6	42	6	not_seen_on_authored_roots			84:AT;84:QT;84:UT;84:VT;84:WT;84:XT	TAS ON 10YR NOTE FUTURES;TAS ON 10YR ULTRA NOTE FUTURES;TAS ON 2YR NOTE FUTURES;TAS ON 30YR BOND FUTURES;TAS ON 30YR ULTRA BOND FUTURES;TAS ON 5YR NOTE FUTURES	TNT,UBT,ZBT,ZFT,ZNS,ZTT	75=20260831|386=4|336=2|341=20260830210000000000|336=21|341=20260830210037000000|625=30|336=17|341=20260830220000000000|336=4|341=20260831190000000000|75=20260901|386=4|336=2|341=20260831214500000000|336=21|341=20260831214537000000|625=30|336=17|341=20260831220000000000|336=4|341=20260901190000000000|75=20260902|386=4|336=2|341=20260901214500000000|336=21|341=20260901214537000000|625=30|336=17|341=20260901220000000000|336=4|341=20260902190000000000|75=20260903|386=4|336=2|341=20260902214500000000|336=21|341=20260902214537000000|625=30|336=17|341=20260902220000000000|336=4|341=20260903190000000000|75=20260904|386=4|336=2|341=20260903214500000000|336=21|341=20260903214537000000|625=30|336=17|341=20260903220000000000|336=4|341=20260904190000000000
721de294db67b2aa5ec528620c537f67c9db0c8bcb2ae270df9b0c66ed24521b	5	350	2	not_seen_on_authored_roots			74:EC;74:HB	BTIC BITCOIN  FUTURES APAC SETTLE;BTIC ETHER FUTURES APAC SETTLE	ABB,AHB,AMB,ATB,BAB	75=20260831|386=8|336=21|341=20260828080100000000|625=30|336=17|341=20260828080500000000|336=21|341=20260828210100000000|625=30|336=17|341=20260828210200000000|336=21|341=20260829104500000000|625=30|336=17|341=20260829110000000000|336=18|341=20260829070000000000|336=4|341=20260831080000000000|75=20260901|386=5|336=21|341=20260831080100000000|625=30|336=17|341=20260831080500000000|336=21|341=20260831210100000000|625=30|336=17|341=20260831210200000000|336=4|341=20260901080000000000|75=20260902|386=5|336=21|341=20260901080100000000|625=30|336=17|341=20260901080500000000|336=21|341=20260901210100000000|625=30|336=17|341=20260901210200000000|336=4|341=20260902080000000000|75=20260903|386=5|336=21|341=20260902080100000000|625=30|336=17|341=20260902080500000000|336=21|341=20260902210100000000|625=30|336=17|341=20260902210200000000|336=4|341=20260903080000000000|75=20260904|386=5|336=21|341=20260903080100000000|625=30|336=17|341=20260903080500000000|336=21|341=20260903210100000000|625=30|336=17|341=20260903210200000000|336=4|341=20260904080000000000|75=20260908|386=13|336=21|341=20260904080100000000|625=30|336=17|341=20260904080500000000|336=21|341=20260904210100000000|625=30|336=17|341=20260904210200000000|336=21|341=20260905084500000000|625=30|336=17|341=20260905090000000000|336=21|341=20260907080100000000|625=30|336=17|341=20260907080500000000|336=21|341=20260907210100000000|625=30|336=17|341=20260907210200000000|336=18|341=20260905070000000000|336=18|341=20260907080000000000|336=4|341=20260908080000000000
41c40dc1587e857c98b9e0b068c3ae4d6c991dab3c43f0c23b4ce392af313e6a	4	140	1	not_seen_on_authored_roots			78:TG	GOLD TAS (GCT)	1OT,GCT,MGT,QOT	75=20260831|386=4|336=2|341=20260830210000000000|336=21|341=20260830210037000000|625=30|336=17|341=20260830220000000000|336=4|341=20260831173000000000|75=20260901|386=4|336=2|341=20260831214500000000|336=21|341=20260831214537000000|625=30|336=17|341=20260831220000000000|336=4|341=20260901173000000000|75=20260902|386=4|336=2|341=20260901214500000000|336=21|341=20260901214537000000|625=30|336=17|341=20260901220000000000|336=4|341=20260902173000000000|75=20260903|386=4|336=2|341=20260902214500000000|336=21|341=20260902214537000000|625=30|336=17|341=20260902220000000000|336=4|341=20260903173000000000|75=20260904|386=4|336=2|341=20260903214500000000|336=21|341=20260903214537000000|625=30|336=17|341=20260903220000000000|336=4|341=20260904173000000000
c4baa816b11d072c0c4a418a7d6cfa3917d9c5a78c1a9098e78d8f6bd48707f8	4	108	1	not_seen_on_authored_roots			80:TM	TAM LONDON FUTURES	BZL,CLL,HOL,RBL	75=20260831|386=3|336=21|341=20260830210000000000|625=30|336=17|341=20260830220000000000|336=4|341=20260831153000000000|75=20260901|386=3|336=21|341=20260831215000000000|625=30|336=17|341=20260831220000000000|336=4|341=20260901153000000000|75=20260902|386=3|336=21|341=20260901215000000000|625=30|336=17|341=20260901220000000000|336=4|341=20260902153000000000|75=20260903|386=3|336=21|341=20260902215000000000|625=30|336=17|341=20260902220000000000|336=4|341=20260903153000000000|75=20260904|386=3|336=21|341=20260903215000000000|625=30|336=17|341=20260903220000000000|336=4|341=20260904153000000000
cedb5ddcaf82f74668c228a5e06643a505bd9e549005111608cc51b455dc8e61	4	105	4	not_seen_on_authored_roots			64:E2;68:N9;68:R9;68:Y9	TMAC MINI DOW JONES;TMAC MINI NASDAQ;TMAC MINI RUSSELL 2000;TMAC MINI S&P	ESX,NQX,RTX,YMX	75=20260831|386=4|336=2|341=20260830210000000000|336=21|341=20260830210034000000|625=30|336=17|341=20260830220000000000|336=4|341=20260831200000000000|75=20260901|386=4|336=2|341=20260831214500000000|336=21|341=20260831214534000000|625=30|336=17|341=20260831220000000000|336=4|341=20260901200000000000|75=20260902|386=4|336=2|341=20260901214500000000|336=21|341=20260901214534000000|625=30|336=17|341=20260901220000000000|336=4|341=20260902200000000000|75=20260903|386=4|336=2|341=20260902214500000000|336=21|341=20260902214534000000|625=30|336=17|341=20260902220000000000|336=4|341=20260903200000000000|75=20260904|386=4|336=2|341=20260903214500000000|336=21|341=20260903214534000000|625=30|336=17|341=20260903220000000000|336=4|341=20260904200000000000
0d9819bdaffeb47f8681bf17b2a7d4c72cfad244f375dbb8cee535d978dd8992	3	98	1	not_seen_on_authored_roots			78:HT	COPPER TAS (HGT)	HG0,HGT,MHT	75=20260831|386=4|336=2|341=20260830210000000000|336=21|341=20260830210036000000|625=30|336=17|341=20260830220000000000|336=4|341=20260831170000000000|75=20260901|386=4|336=2|341=20260831214500000000|336=21|341=20260831214536000000|625=30|336=17|341=20260831220000000000|336=4|341=20260901170000000000|75=20260902|386=4|336=2|341=20260901214500000000|336=21|341=20260901214536000000|625=30|336=17|341=20260901220000000000|336=4|341=20260902170000000000|75=20260903|386=4|336=2|341=20260902214500000000|336=21|341=20260902214536000000|625=30|336=17|341=20260902220000000000|336=4|341=20260903170000000000|75=20260904|386=4|336=2|341=20260903214500000000|336=21|341=20260903214536000000|625=30|336=17|341=20260903220000000000|336=4|341=20260904170000000000
16021d6aa85e0527477bbbb280e440cbe7ae8025a6709008f58bc9dd3171491a	3	308	3	not_seen_on_authored_roots			68:3T;68:NT;68:RE	MINI NASDAQ TRADE AT CASH OPEN ;MINI RUSSELL TRADE AT CASH OPEN ;MINI S&P TRADE AT CASH OPEN 	ESQ,NQQ,RTQ	75=20260831|386=8|336=21|341=20260828143000000000|625=30|336=17|341=20260828150000000000|336=17|341=20260829100000000000|336=21|341=20260830210000000000|625=30|336=17|341=20260830220000000000|336=18|341=20260828210000000000|336=18|341=20260829220000000000|336=4|341=20260831133000000000|75=20260901|386=6|336=21|341=20260831143000000000|625=30|336=17|341=20260831150000000000|336=2|341=20260831210000000000|336=21|341=20260831214500000000|625=30|336=17|341=20260831220000000000|336=4|341=20260901133000000000|75=20260902|386=6|336=21|341=20260901143000000000|625=30|336=17|341=20260901150000000000|336=2|341=20260901210000000000|336=21|341=20260901214500000000|625=30|336=17|341=20260901220000000000|336=4|341=20260902133000000000|75=20260903|386=6|336=21|341=20260902143000000000|625=30|336=17|341=20260902150000000000|336=2|341=20260902210000000000|336=21|341=20260902214500000000|625=30|336=17|341=20260902220000000000|336=4|341=20260903133000000000|75=20260904|386=6|336=21|341=20260903143000000000|625=30|336=17|341=20260903150000000000|336=2|341=20260903210000000000|336=21|341=20260903214500000000|625=30|336=17|341=20260903220000000000|336=4|341=20260904133000000000|75=20260908|386=10|336=21|341=20260904143000000000|625=30|336=17|341=20260904150000000000|336=17|341=20260905100000000000|336=21|341=20260906210000000000|625=30|336=17|341=20260906220000000000|336=21|341=20260907170000000000|625=30|336=17|341=20260907220000000000|336=18|341=20260904210000000000|336=18|341=20260905220000000000|336=4|341=20260908133000000000
1ffaeb8582a0ef371c663cc963711c4ce85ffcc0ad4787becb00ef56ef90d2f5	3	105	3	not_seen_on_authored_roots			70:GH;70:GT;70:LH	BTIC BLOOMBERG ROLL SELECT INDEX;BTIC S&P GSCI COMMODITY INDEX;BTIC S&P GSCI ER INDEX	DRT,GDT,GIT	75=20260831|386=3|336=21|341=20260830210000000000|625=30|336=17|341=20260830220000000000|336=4|341=20260831183000000000|75=20260901|386=3|336=21|341=20260831214500000000|625=30|336=17|341=20260831220000000000|336=4|341=20260901183000000000|75=20260902|386=3|336=21|341=20260901214500000000|625=30|336=17|341=20260901220000000000|336=4|341=20260902183000000000|75=20260903|386=3|336=21|341=20260902214500000000|625=30|336=17|341=20260902220000000000|336=4|341=20260903183000000000|75=20260904|386=3|336=21|341=20260903214500000000|625=30|336=17|341=20260903220000000000|336=4|341=20260904183000000000
22ca3c61ed540d6cee73f29e1305741ff46155df90a755997ff25a7958c239ef	3	91	1	not_seen_on_authored_roots			70:TH	TAS LIVESTOCK (CATTLE/HOG)	GFT,HET,LET	75=20260831|386=4|336=2|341=20260831130000000000|336=21|341=20260831130041000000|625=30|336=17|341=20260831133000000000|336=4|341=20260831180000000000|75=20260901|386=4|336=2|341=20260901130000000000|336=21|341=20260901130041000000|625=30|336=17|341=20260901133000000000|336=4|341=20260901180000000000|75=20260902|386=4|336=2|341=20260902130000000000|336=21|341=20260902130041000000|625=30|336=17|341=20260902133000000000|336=4|341=20260902180000000000|75=20260903|386=4|336=2|341=20260903130000000000|336=21|341=20260903130041000000|625=30|336=17|341=20260903133000000000|336=4|341=20260903180000000000|75=20260904|386=4|336=2|341=20260904130000000000|336=21|341=20260904130041000000|625=30|336=17|341=20260904133000000000|336=4|341=20260904180000000000
d2605472f625d89ee4f2207d7bfe77d5dc7d7f103cd8355242d1005aefe999e8	3	147	1	not_seen_on_authored_roots			78:NA	NATURAL GAS TAS (NGT/NNT)	HHT,NGT,NNT	75=20260831|386=4|336=2|341=20260830210000000000|336=21|341=20260830210038000000|625=30|336=17|341=20260830220000000000|336=4|341=20260831183000000000|75=20260901|386=4|336=2|341=20260831214500000000|336=21|341=20260831214538000000|625=30|336=17|341=20260831220000000000|336=4|341=20260901183000000000|75=20260902|386=4|336=2|341=20260901214500000000|336=21|341=20260901214538000000|625=30|336=17|341=20260901220000000000|336=4|341=20260902183000000000|75=20260903|386=4|336=2|341=20260902214500000000|336=21|341=20260902214538000000|625=30|336=17|341=20260902220000000000|336=4|341=20260903183000000000|75=20260904|386=4|336=2|341=20260903214500000000|336=21|341=20260903214538000000|625=30|336=17|341=20260903220000000000|336=4|341=20260904183000000000
32e4612297a3ad0c0ee179c3c6cccc127fd7fc9909ab6fc1eb59ca1439695b7e	2	237	2	not_seen_on_authored_roots			68:N6;68:ND	BTIC NIKKEI USD;BTIC NIKKEI YEN	NIT,NKT	75=20260831|386=8|336=21|341=20260828153000000000|625=30|336=17|341=20260828160000000000|336=17|341=20260829100000000000|336=21|341=20260830210000000000|625=30|336=17|341=20260830220000000000|336=18|341=20260828210000000000|336=18|341=20260829220000000000|336=4|341=20260831063000000000|75=20260901|386=6|336=21|341=20260831153000000000|625=30|336=17|341=20260831160000000000|336=2|341=20260831210000000000|336=21|341=20260831214500000000|625=30|336=17|341=20260831220000000000|336=4|341=20260901063000000000|75=20260902|386=6|336=21|341=20260901153000000000|625=30|336=17|341=20260901160000000000|336=2|341=20260901210000000000|336=21|341=20260901214500000000|625=30|336=17|341=20260901220000000000|336=4|341=20260902063000000000|75=20260903|386=6|336=21|341=20260902153000000000|625=30|336=17|341=20260902160000000000|336=2|341=20260902210000000000|336=21|341=20260902214500000000|625=30|336=17|341=20260902220000000000|336=4|341=20260903063000000000|75=20260904|386=6|336=21|341=20260903153000000000|625=30|336=17|341=20260903160000000000|336=2|341=20260903210000000000|336=21|341=20260903214500000000|625=30|336=17|341=20260903220000000000|336=4|341=20260904063000000000|75=20260908|386=11|336=21|341=20260904153000000000|625=30|336=17|341=20260904160000000000|336=17|341=20260905100000000000|336=21|341=20260906210000000000|625=30|336=17|341=20260906220000000000|336=21|341=20260907214500000000|625=30|336=17|341=20260907220000000000|336=18|341=20260904210000000000|336=18|341=20260905220000000000|336=18|341=20260907063000000000|336=4|341=20260908063000000000
529472fb99b9c40bc69c3d1011bf2ce0688c13b1d1606d62869fe74d6eba4bb8	2	70	2	not_seen_on_authored_roots			68:DT;68:EQ	BTIC FTSE DEVELOPED EUROPE INDEX;BTIC MINI S&P EUROPE 350 ESG	DVT,E3T	75=20260831|386=3|336=21|341=20260830210000000000|625=30|336=17|341=20260830220000000000|336=4|341=20260831153000000000|75=20260901|386=3|336=21|341=20260831214500000000|625=30|336=17|341=20260831220000000000|336=4|341=20260901153000000000|75=20260902|386=3|336=21|341=20260901214500000000|625=30|336=17|341=20260901220000000000|336=4|341=20260902153000000000|75=20260903|386=3|336=21|341=20260902214500000000|625=30|336=17|341=20260902220000000000|336=4|341=20260903153000000000|75=20260904|386=3|336=21|341=20260903214500000000|625=30|336=17|341=20260903220000000000|336=4|341=20260904153000000000
6aea4cd5775d9b565a5763324be30f6e7ddd4a7c98965a7e801b07f460200956	2	84	1	not_seen_on_authored_roots			78:MT	SILVER TAS (SIT)	MST,SIT	75=20260831|386=4|336=2|341=20260830210000000000|336=21|341=20260830210040000000|625=30|336=17|341=20260830220000000000|336=4|341=20260831172500000000|75=20260901|386=4|336=2|341=20260831214500000000|336=21|341=20260831214540000000|625=30|336=17|341=20260831220000000000|336=4|341=20260901172500000000|75=20260902|386=4|336=2|341=20260901214500000000|336=21|341=20260901214540000000|625=30|336=17|341=20260901220000000000|336=4|341=20260902172500000000|75=20260903|386=4|336=2|341=20260902214500000000|336=21|341=20260902214540000000|625=30|336=17|341=20260902220000000000|336=4|341=20260903172500000000|75=20260904|386=4|336=2|341=20260903214500000000|336=21|341=20260903214540000000|625=30|336=17|341=20260903220000000000|336=4|341=20260904172500000000
a46184322c8d1bddd1a66e9f3adc582c1fd1ab4f41959fc8defb1a0cafbbcca3	2	98	1	not_seen_on_authored_roots			70:LU	LUMBER FUTURES	LBR,SYP	75=20260831|386=3|336=21|341=20260831110000000000|625=30|336=17|341=20260831140000000000|336=4|341=20260831200500000000|75=20260901|386=3|336=21|341=20260901110000000000|625=30|336=17|341=20260901140000000000|336=4|341=20260901200500000000|75=20260902|386=3|336=21|341=20260902110000000000|625=30|336=17|341=20260902140000000000|336=4|341=20260902200500000000|75=20260903|386=3|336=21|341=20260903110000000000|625=30|336=17|341=20260903140000000000|336=4|341=20260903200500000000|75=20260904|386=3|336=21|341=20260904110000000000|625=30|336=17|341=20260904140000000000|336=4|341=20260904200500000000
a53138d10f1fad235707687e2ccb916acefa42a37e77c4f73b5fb8b577829f9a	2	70	1	not_seen_on_authored_roots			68:BJ	BTIC TOPIX	TPB,TPT	75=20260831|386=3|336=21|341=20260830210000000000|625=30|336=17|341=20260830220000000000|336=4|341=20260831063000000000|75=20260901|386=3|336=21|341=20260831214500000000|625=30|336=17|341=20260831220000000000|336=4|341=20260901063000000000|75=20260902|386=3|336=21|341=20260901214500000000|625=30|336=17|341=20260901220000000000|336=4|341=20260902063000000000|75=20260903|386=3|336=21|341=20260902214500000000|625=30|336=17|341=20260902220000000000|336=4|341=20260903063000000000|75=20260904|386=3|336=21|341=20260903214500000000|625=30|336=17|341=20260903220000000000|336=4|341=20260904063000000000
b03d3d1816fb3acb3deef2d159e2fdd09a1893bf9d5fec72b22a095b06c3e8fc	2	28	1	not_seen_on_authored_roots			78:DG	DUTCH NATURAL GAS TAS 	TAS,TTS	75=20260831|386=4|336=2|341=20260830210000000000|336=21|341=20260830210038000000|625=30|336=17|341=20260830220000000000|336=4|341=20260831150500000000|75=20260901|386=4|336=2|341=20260831214500000000|336=21|341=20260831214538000000|625=30|336=17|341=20260831220000000000|336=4|341=20260901150500000000|75=20260902|386=4|336=2|341=20260901214500000000|336=21|341=20260901214538000000|625=30|336=17|341=20260901220000000000|336=4|341=20260902150500000000|75=20260903|386=4|336=2|341=20260902214500000000|336=21|341=20260902214538000000|625=30|336=17|341=20260902220000000000|336=4|341=20260903150500000000|75=20260904|386=4|336=2|341=20260903214500000000|336=21|341=20260903214538000000|625=30|336=17|341=20260903220000000000|336=4|341=20260904150500000000
c7e23e767f4d2a4369c0e2926f904ce60c234483b8a15e7751f7427460ed7c17	2	52	1	not_seen_on_authored_roots			80:TS	TAM SINGAPORE FUTURES	BZS,CLS	75=20260831|386=3|336=21|341=20260830210000000000|625=30|336=17|341=20260830220000000000|336=4|341=20260831083000000000|75=20260901|386=3|336=21|341=20260831215000000000|625=30|336=17|341=20260831220000000000|336=4|341=20260901083000000000|75=20260902|386=3|336=21|341=20260901215000000000|625=30|336=17|341=20260901220000000000|336=4|341=20260902083000000000|75=20260903|386=3|336=21|341=20260902215000000000|625=30|336=17|341=20260902220000000000|336=4|341=20260903083000000000|75=20260904|386=3|336=21|341=20260903215000000000|625=30|336=17|341=20260903220000000000|336=4|341=20260904083000000000
007f3feb8f20f31dfc06e295335ac540642bf32c0099a1202ab21c88652d8b54	1	10	1	not_seen_on_authored_roots			80:WM	TAM SHANGHAI FUTURES	CLC	75=20260831|386=3|336=21|341=20260830210000000000|625=30|336=17|341=20260830220000000000|336=4|341=20260831070000000000|75=20260901|386=3|336=21|341=20260831215000000000|625=30|336=17|341=20260831220000000000|336=4|341=20260901070000000000|75=20260902|386=3|336=21|341=20260901215000000000|625=30|336=17|341=20260901220000000000|336=4|341=20260902070000000000|75=20260903|386=3|336=21|341=20260902215000000000|625=30|336=17|341=20260902220000000000|336=4|341=20260903070000000000|75=20260904|386=3|336=21|341=20260903215000000000|625=30|336=17|341=20260903220000000000|336=4|341=20260904070000000000
11cf1b650b778dbe1dce7f0d5fe16cf135c8ea485e4906b842414a4c4057df2e	1	49	1	not_seen_on_authored_roots			68:C1	BTIC MINI FTSE CHINA 50 INDEX	FTC	75=20260831|386=3|336=21|341=20260830210000000000|625=30|336=17|341=20260830220000000000|336=4|341=20260831080000000000|75=20260901|386=3|336=21|341=20260831214500000000|625=30|336=17|341=20260831220000000000|336=4|341=20260901080000000000|75=20260902|386=3|336=21|341=20260901214500000000|625=30|336=17|341=20260901220000000000|336=4|341=20260902080000000000|75=20260903|386=3|336=21|341=20260902214500000000|625=30|336=17|341=20260902220000000000|336=4|341=20260903080000000000|75=20260904|386=3|336=21|341=20260903214500000000|625=30|336=17|341=20260903220000000000|336=4|341=20260904080000000000
15991db0d479ff2e63f8957be4f5a9d3bc7f2c65802ecb06074060e5686c512b	1	126	1	not_seen_on_authored_roots			70:AS	 FOB SANTOS SOYBEANS S.A. (PLATTS) FUTURES	SAS	75=20260831|386=6|336=21|341=20260831130000000000|625=30|336=17|341=20260831133000000000|336=2|341=20260831182000000000|336=26|341=20260831193000000000|336=18|341=20260831183000000000|336=4|341=20260831210000000000|75=20260901|386=6|336=21|341=20260901130000000000|625=30|336=17|341=20260901133000000000|336=2|341=20260901182000000000|336=26|341=20260901193000000000|336=18|341=20260901183000000000|336=4|341=20260901210000000000|75=20260902|386=6|336=21|341=20260902130000000000|625=30|336=17|341=20260902133000000000|336=2|341=20260902182000000000|336=26|341=20260902193000000000|336=18|341=20260902183000000000|336=4|341=20260902210000000000|75=20260903|386=6|336=21|341=20260903130000000000|625=30|336=17|341=20260903133000000000|336=2|341=20260903182000000000|336=26|341=20260903193000000000|336=18|341=20260903183000000000|336=4|341=20260903210000000000|75=20260904|386=6|336=21|341=20260904130000000000|625=30|336=17|341=20260904133000000000|336=2|341=20260904182000000000|336=26|341=20260904193000000000|336=18|341=20260904183000000000|336=4|341=20260904210000000000
275170587ca9323e971bf017c1b197799aafd0deb3dd6405dd1f6f625991b97b	1	14	1	not_seen_on_authored_roots			78:PE	PLATINUM TAS (PLT)	PLT	75=20260831|386=4|336=2|341=20260830210000000000|336=21|341=20260830210039000000|625=30|336=17|341=20260830220000000000|336=4|341=20260831170500000000|75=20260901|386=4|336=2|341=20260831214500000000|336=21|341=20260831214539000000|625=30|336=17|341=20260831220000000000|336=4|341=20260901170500000000|75=20260902|386=4|336=2|341=20260901214500000000|336=21|341=20260901214539000000|625=30|336=17|341=20260901220000000000|336=4|341=20260902170500000000|75=20260903|386=4|336=2|341=20260902214500000000|336=21|341=20260902214539000000|625=30|336=17|341=20260902220000000000|336=4|341=20260903170500000000|75=20260904|386=4|336=2|341=20260903214500000000|336=21|341=20260903214539000000|625=30|336=17|341=20260903220000000000|336=4|341=20260904170500000000
2ef86ee889cd343b413aa6dc50503d7182862703a59a584f3c9d48cf237c148b	1	7	1	not_seen_on_authored_roots			88:6D	BTIC on EURO CURRENCY 	6EB	75=20260831|386=8|336=21|341=20260828151500000000|625=30|336=17|341=20260828153000000000|336=17|341=20260829100000000000|336=21|341=20260830210000000000|625=30|336=17|341=20260830220000000000|336=18|341=20260828210000000000|336=18|341=20260829220000000000|336=4|341=20260831144000000000|75=20260901|386=6|336=21|341=20260831151500000000|625=30|336=17|341=20260831153000000000|336=2|341=20260831210000000000|336=21|341=20260831214500000000|625=30|336=17|341=20260831220000000000|336=4|341=20260901144000000000|75=20260902|386=6|336=21|341=20260901151500000000|625=30|336=17|341=20260901153000000000|336=2|341=20260901210000000000|336=21|341=20260901214500000000|625=30|336=17|341=20260901220000000000|336=4|341=20260902144000000000|75=20260903|386=6|336=21|341=20260902151500000000|625=30|336=17|341=20260902153000000000|336=2|341=20260902210000000000|336=21|341=20260902214500000000|625=30|336=17|341=20260902220000000000|336=4|341=20260903144000000000|75=20260904|386=6|336=21|341=20260903151500000000|625=30|336=17|341=20260903153000000000|336=2|341=20260903210000000000|336=21|341=20260903214500000000|625=30|336=17|341=20260903220000000000|336=4|341=20260904144000000000|75=20260908|386=13|336=21|341=20260904151500000000|625=30|336=17|341=20260904153000000000|336=17|341=20260905100000000000|336=21|341=20260906210000000000|625=30|336=17|341=20260906220000000000|336=21|341=20260907151500000000|625=30|336=17|341=20260907153000000000|336=21|341=20260907210000000000|625=30|336=17|341=20260907220000000000|336=18|341=20260904210000000000|336=18|341=20260905220000000000|336=18|341=20260907144000000000|336=4|341=20260908144000000000
43235e8ac71f0184514fcf4b44ec89cb2e5e2e7627fbfb3bc3af4390d11e17cc	1	84	1	matches_authored_root_envelope	globex_livestock	GF,HE,LE	70:PF	PORK CUTOUT FUTURES	PRK	75=20260831|386=5|336=21|341=20260831130000000000|625=30|336=17|341=20260831133000000000|336=26|341=20260831193000000000|336=18|341=20260831180500000000|336=4|341=20260831210000000000|75=20260901|386=5|336=21|341=20260901130000000000|625=30|336=17|341=20260901133000000000|336=26|341=20260901193000000000|336=18|341=20260901180500000000|336=4|341=20260901210000000000|75=20260902|386=5|336=21|341=20260902130000000000|625=30|336=17|341=20260902133000000000|336=26|341=20260902193000000000|336=18|341=20260902180500000000|336=4|341=20260902210000000000|75=20260903|386=5|336=21|341=20260903130000000000|625=30|336=17|341=20260903133000000000|336=26|341=20260903193000000000|336=18|341=20260903180500000000|336=4|341=20260903210000000000|75=20260904|386=5|336=21|341=20260904130000000000|625=30|336=17|341=20260904133000000000|336=26|341=20260904193000000000|336=18|341=20260904180500000000|336=4|341=20260904210000000000
4ceca3d05eca8fb37af090a7d400373450bba89f5e06379f045377e9b212f28f	1	7	1	not_seen_on_authored_roots			78:GM	TAM GOLD (GCD)	GCD	75=20260831|386=3|336=21|341=20260830210000000000|625=30|336=17|341=20260830220000000000|336=4|341=20260831140200000000|75=20260901|386=3|336=21|341=20260831215000000000|625=30|336=17|341=20260831220000000000|336=4|341=20260901140200000000|75=20260902|386=3|336=21|341=20260901215000000000|625=30|336=17|341=20260901220000000000|336=4|341=20260902140200000000|75=20260903|386=3|336=21|341=20260902215000000000|625=30|336=17|341=20260902220000000000|336=4|341=20260903140200000000|75=20260904|386=3|336=21|341=20260903215000000000|625=30|336=17|341=20260903220000000000|336=4|341=20260904140200000000
57592d6d42edfe2bf41cecf0058b8f589421efd5e681a7da8885bf178a54571d	1	25	1	not_seen_on_authored_roots			80:EG	EUROPEAN GASOIL TAS (7FT)	7FT	75=20260831|386=4|336=2|341=20260830210000000000|336=21|341=20260830210042000000|625=30|336=17|341=20260830220000000000|336=4|341=20260831153000000000|75=20260901|386=4|336=2|341=20260831214500000000|336=21|341=20260831214542000000|625=30|336=17|341=20260831220000000000|336=4|341=20260901153000000000|75=20260902|386=4|336=2|341=20260901214500000000|336=21|341=20260901214542000000|625=30|336=17|341=20260901220000000000|336=4|341=20260902153000000000|75=20260903|386=4|336=2|341=20260902214500000000|336=21|341=20260902214542000000|625=30|336=17|341=20260902220000000000|336=4|341=20260903153000000000|75=20260904|386=4|336=2|341=20260903214500000000|336=21|341=20260903214542000000|625=30|336=17|341=20260903220000000000|336=4|341=20260904153000000000
6b4d54716da1cda108fb968cbe5bcfd39b739cdca65759374c7460e7bdc95e30	1	14	1	not_seen_on_authored_roots			78:PX	PALLADIUM TAS (PAT)	PAT	75=20260831|386=4|336=2|341=20260830210000000000|336=21|341=20260830210034000000|625=30|336=17|341=20260830220000000000|336=4|341=20260831170000000000|75=20260901|386=4|336=2|341=20260831214500000000|336=21|341=20260831214534000000|625=30|336=17|341=20260831220000000000|336=4|341=20260901170000000000|75=20260902|386=4|336=2|341=20260901214500000000|336=21|341=20260901214534000000|625=30|336=17|341=20260901220000000000|336=4|341=20260902170000000000|75=20260903|386=4|336=2|341=20260902214500000000|336=21|341=20260902214534000000|625=30|336=17|341=20260902220000000000|336=4|341=20260903170000000000|75=20260904|386=4|336=2|341=20260903214500000000|336=21|341=20260903214534000000|625=30|336=17|341=20260903220000000000|336=4|341=20260904170000000000
bdc90cebb2a7cfa2f58e4a5929800b29f4980bbaab28e0b087051fe9911a6401	1	91	1	not_seen_on_authored_roots			70:UA	10 TON UREA US GULF FUTURES	MFV	75=20260831|386=3|336=21|341=20260831130000000000|625=30|336=17|341=20260831133000000000|336=4|341=20260831193000000000|75=20260901|386=3|336=21|341=20260901130000000000|625=30|336=17|341=20260901133000000000|336=4|341=20260901193000000000|75=20260902|386=3|336=21|341=20260902130000000000|625=30|336=17|341=20260902133000000000|336=4|341=20260902193000000000|75=20260903|386=3|336=21|341=20260903130000000000|625=30|336=17|341=20260903133000000000|336=4|341=20260903193000000000|75=20260904|386=3|336=21|341=20260904130000000000|625=30|336=17|341=20260904133000000000|336=4|341=20260904193000000000
e8237e60bd336b029a7890834dab9139c4570e8e368f5341468abbf6a53091c1	1	49	1	not_seen_on_authored_roots			70:BW	BLACK SEA WHEAT FINANCIAL (ARGUS) FUTURES	CVB	75=20260831|386=6|336=21|341=20260830210000000000|625=30|336=17|341=20260831000000000000|336=2|341=20260831182000000000|336=26|341=20260831193000000000|336=18|341=20260831183000000000|336=4|341=20260831210000000000|75=20260901|386=6|336=21|341=20260831214500000000|625=30|336=17|341=20260901000000000000|336=2|341=20260901182000000000|336=26|341=20260901193000000000|336=18|341=20260901183000000000|336=4|341=20260901210000000000|75=20260902|386=6|336=21|341=20260901214500000000|625=30|336=17|341=20260902000000000000|336=2|341=20260902182000000000|336=26|341=20260902193000000000|336=18|341=20260902183000000000|336=4|341=20260902210000000000|75=20260903|386=6|336=21|341=20260902214500000000|625=30|336=17|341=20260903000000000000|336=2|341=20260903182000000000|336=26|341=20260903193000000000|336=18|341=20260903183000000000|336=4|341=20260903210000000000|75=20260904|386=6|336=21|341=20260903214500000000|625=30|336=17|341=20260904000000000000|336=2|341=20260904182000000000|336=26|341=20260904193000000000|336=18|341=20260904183000000000|336=4|341=20260904210000000000
e9c75914a39ed110a42140e16ad999f70514728947b3df2722a56e45050948cc	1	14	1	not_seen_on_authored_roots			78:TR	TAM COPPER (HGF)	HGF	75=20260831|386=3|336=21|341=20260830210000000000|625=30|336=17|341=20260830220000000000|336=4|341=20260831113500000000|75=20260901|386=3|336=21|341=20260831215000000000|625=30|336=17|341=20260831220000000000|336=4|341=20260901113500000000|75=20260902|386=3|336=21|341=20260901215000000000|625=30|336=17|341=20260901220000000000|336=4|341=20260902113500000000|75=20260903|386=3|336=21|341=20260902215000000000|625=30|336=17|341=20260902220000000000|336=4|341=20260903113500000000|75=20260904|386=3|336=21|341=20260903215000000000|625=30|336=17|341=20260903220000000000|336=4|341=20260904113500000000
