disposition	definition_segment	definition_group	current_schedule_segments	schedule_match	states	root_count	observation_count	schedule_description	roots
synthetic_no_ready	64	0C	64	exact	2,4	5	175	SYNTHETIC EOC VES	ECES,KYP10,KYP11,KYP13,KYP15
synthetic_no_ready	68	0B	68	exact	2,4	30	994	SYNTHETIC EQUITY	A2R,ADR,AQR,ARR,ASPR,ASR,ECNQ,ECRTY,ECYM,KCD10,KCD11,KCD13,KCD15,KCN10,KCN11,KCN13,KCN15,KCR10,KCR11,KCR13,KCR15,QDF,QDM,QNF,QNM,QRF,QRM,QSF,QSM,TRI
synthetic_no_ready	68	0F	68	exact	2,4	1	49	SYNTHETIC S&P MONTH-END 	SME
synthetic_no_ready	70	05	70	exact	2,4	66	1166	SYNTHETIC CBOT/CME AGS	BCX,C3S,CKS,CW1,GFCP1,GFCPA,HECP1,HECPA,JQ,K6S,KC7,KECP1,KECPA,KNS,KW1,KZS,LECP1,LECPA,Q02,Q04,Q06,QC2,QC3,QC4,QC6,QC7,QC8,QCC,QCW,QKC,QM2,QM3,QM4,QM5,QM6,QO2,QO3,QO4,QO5,QO6,QS0,QS1,QS2,QS3,QS5,QS9,QW2,QW3,QW6,QX5,S7C,SQ2,SQ5,WQ6,Z3W,ZCCP1,ZCCPA,ZLCP1,ZLCPA,ZMCP1,ZMCPA,ZSCP1,ZSCPA,ZWC,ZWCP1,ZWCPA
synthetic_no_ready	74	02	74	exact	2,4	18	159	SYNTHETIC EOC ECB	BFS,BTCCP1,BTCCPA,ECBTC,ETHCP1,ETHCPA,QEF,QEM,QOF,QOM,QTF,QTM,QXF,QXM,SOLCP1,SOLCPA,XRPCP1,XRPCPA
synthetic_no_ready	78	08	78	exact	2,4	36	4538	SYNTHETIC NYMEX	7EM,AAK,ADE,ADJ,AGF,AZL,CG9,DGY,DMA,DSA,ECNG,G44,G8X,GK,GLS,GMY,GUS,GVS,GWS,GYS,H8U,HH6,HH8,KYH10,KYH11,KYH13,KYH15,KYH16,MDZ,NGCP1,NGCPA,NSS,U8P,U8R,ZJY,ZK
synthetic_no_ready	78	0D	78	exact	2,4	18	224	SYNTHETIC EOC METALS	ALICP1,ALICPA,ECGC,ECHG,ECSI,GCCP1,GCCPA,HGCP1,HGCPA,KYG10,KYG11,KYG13,KYG15,KYG16,PLCP1,PLCPA,SICP1,SICPA
synthetic_no_ready	80	09	80	exact	2,4	50	7165	SYNTHETIC CRUDE	1CE,2A,2CE,3A,3B,3CE,4A,4B,5A,5B,6CE,8S,8SS,A6A,A6B,A8T,BD,BF,BH9,BJ,BM,BPS,BQ,BQS,BVS,CA2,CAY,CLCP1,CLCPA,CQ,CT,CV,CX,ECCL,GHY,H7Y,HCY,HOCP1,HOCPA,KYC10,KYC11,KYC13,KYC15,KYC16,LHS,RBCP1,RBCPA,S46,ZIY,ZXY
synthetic_no_ready	82	04	82	exact	2,4	24	497	SYNTHETIC INTEREST RATE	EOIS1M,EOIS1Y,EOIS3M,EOIS6M,EOISM1,EOISM2,EOISM3,EOISM4,ET1W,ET1Y,ETR1,ETR3,ETR6,SR1CP1,SR1CPA,SR3CP1,SR3CPA,T1Y,TR1,TR3,TR6,XEURBI,XY3,XYR
synthetic_no_ready	84	06	84	exact	2,4	18	126	SYNTHETIC TREASURY SWAPS	HYBCP1,HYBCPA,IQBCP1,IQBCPA,TNCP1,TNCPA,UBCP1,UBCPA,ZBCP1,ZBCPA,ZFCP1,ZFCPA,ZNCP1,ZNCPA,ZQCP1,ZQCPA,ZTCP1,ZTCPA
synthetic_no_ready	88	01	88	exact	2,4	143	6734	SYNTHETIC GBP/AUD/JPY SPOT FX	6A1V2,6A1V3,6A1V4,6A2V3,6A2V4,6ACP1,6ACPA,6B1V2,6B1V3,6B1V4,6B2V3,6B2V4,6BCP1,6BCPA,6C1V2,6C1V3,6C1V4,6C2V3,6C2V4,6CCP1,6CCPA,6E1V2,6E1V3,6E1V4,6E2V3,6E2V4,6ECP1,6ECPA,6J1V2,6J1V3,6J1V4,6J2V3,6J2V4,6JCP1,6JCPA,6M1V2,6M1V3,6M1V4,6M2V3,6M2V4,6MCP1,6MCPA,6N1V2,6N1V3,6N1V4,6N2V3,6N2V4,6NCP1,6NCPA,6S1V2,6S1V3,6S1V4,6S2V3,6S2V4,6SCP1,6SCPA,6Z1V2,6Z1V3,6Z1V4,6Z2V3,6Z2V4,CNH1V2,CNH1V3,CNH1V4,CNH2V3,CNH2V4,EC6E,NOK1V2,NOK1V3,NOK1V4,NOK2V3,NOK2V4,NYAD,NYBP,NYBR,NYC1,NYCN,NYE1,NYEC,NYJ1,NYMP,NYNE,NYRA,NYRF,NYRP,NYRY,NYSE,NYSI,NYUN,RF1V2,RF1V3,RF1V4,RF2V3,RF2V4,RP1V2,RP1V3,RP1V4,RP2V3,RP2V4,RY1V2,RY1V3,RY1V4,RY2V3,RY2V4,SEK1V2,SEK1V3,SEK1V4,SEK2V3,SEK2V4,TOAD,TOBP,TOBR,TOC1,TOCN,TOE1,TOEC,TOJ1,TOMP,TONE,TORA,TORF,TORP,TORY,TOSE,TOSI,TOUN,ZY6H,ZYAD,ZYBP,ZYBR,ZYC1,ZYE1,ZYEC,ZYJ1,ZYMP,ZYNE,ZYRA,ZYRF,ZYRP,ZYRY,ZYSE,ZYSI,ZYUN
explicit_test	64	$E	64	exact	4,17,18	1	21	TEST MINI S&P FUTURES 0ES	0ES
explicit_test	68	#1	68	exact	4,17,18	1	48	TEST MINI NASDAQ FUTURES	0NI
explicit_test	68	$M	68	exact	4,21	2	91	TEST EQFC 0MD 0MS	0MD,0MS
explicit_test	68	$W	68	exact	4,17,18	1	28	TEST $5 MINI DOW FUTURES 0YM	0YM
explicit_test	70	#E	70	exact	4,17,18	1	42	TEST CORN FUTURES 00C	00C
explicit_test	70	$K	71	group_only_segment_drift	4,17,18	1	28	TEST LEAN HOG FUTURES 0HE	0HE
explicit_test	74	$C	74	exact	4,17,18,21	1	7	TEST BITCOIN FUTURES 0BT	0BT
explicit_test	78	#8	78	exact	4,17,18	1	49	TEST GOLD FUTURES	0GC
explicit_test	78	$G	78	exact	4,17,18	1	112	TEST PLATINUM FUTURES	0CJ
explicit_test	78	$N	78	exact	4,17,18	1	1085	TEST CPC COAL	0NG
explicit_test	78	$O	78	exact	4,17,18	1	49	TEST NYMEX ENVIRONMENTAL FUTURES	0UL
explicit_test	80	#7	80	exact	4,17,18	1	49	TEST BRENT/REBCO/MARS/EURO LOW SULPHUR	0CU
explicit_test	82	#3	82	exact	4,17,18	1	42	TEST FED FUNDS (0ZQ)	0ZQ
explicit_test	82	$D	82	exact	4,17,18	1	280	TEST SOFR FUTURES 0SR	0SR
explicit_test	84	$T	84	exact	4,17,18	1	21	TEST 10-YEAR TREASURY FUTURES 00N	00N
explicit_test	88	#C	88	exact	4,17,18	1	28	TEST EURO CURRENCY FUTURES 06E	06E
