root	databento_exchange	asset_class_tag	security_type	instrument_class_byte	cfi	quote_currency	settlement_currency	observation_count	first_source_date	last_source_date	representative_raw_symbol
0A	XNYM	1	FUT	70	FCMXSX	USD		588	20260422	20260429	0AJ601
0B	XNYM	1	FUT	70	FCMXSX	USD		399	20260422	20260429	0BF0
0C	XNYM	1	FUT	70	FCMXSX	USD		588	20260422	20260429	0CJ601
0E	XNYM	1	FUT	70	FCMXSX	USD		588	20260422	20260429	0EJ601
1D0	XCME	1	FUT	70	FCAXSX	GBP		7	20260422	20260429	1D0H7
1D1	XCME	1	FUT	70	FCAXSX	EUR		7	20260422	20260429	1D1H7
1D2	XCME	1	FUT	70	FCAXSX	EUR		7	20260422	20260429	1D2H7
1D4	XCME	1	FUT	70	FCAXSX	EUR		7	20260422	20260429	1D4H7
1E	XNYM	1	FUT	70	FCMXSX	USD		287	20260422	20260429	1EJ601
1G6	XCME	1	FUT	70	FCAXSX	JPY		7	20260422	20260429	1G6H7
1H	XNYM	1	FUT	70	FCMXSX	USD		287	20260422	20260429	1HJ601
1H0	XCME	1	FUT	70	FCAXSX	USD		7	20260422	20260429	1H0H7
1H1	XCME	1	FUT	70	FCAXSX	USD		7	20260422	20260429	1H1H7
1H2	XCME	1	FUT	70	FCAXSX	USD		7	20260422	20260429	1H2H7
1H3	XCME	1	FUT	70	FCAXSX	USD		7	20260422	20260429	1H3H7
1H4	XCME	1	FUT	70	FCAXSX	USD		7	20260422	20260429	1H4H7
1H5	XCME	1	FUT	70	FCAXSX	USD		7	20260422	20260429	1H5H7
1H6	XCME	1	FUT	70	FCAXSX	USD		7	20260422	20260429	1H6H7
1H7	XCME	1	FUT	70	FCAXSX	USD		7	20260422	20260429	1H7H7
1HQ	XCME	1	FUT	70	FCAXSX	USD		7	20260422	20260429	1HQH7
1HR	XCME	1	FUT	70	FCAXSX	USD		7	20260422	20260429	1HRH7
1HS	XCME	1	FUT	70	FCAXSX	USD		7	20260422	20260429	1HSH7
1HW	XCME	1	FUT	70	FCAXSX	USD		7	20260422	20260429	1HWH7
1LP	XCME	1	FUT	70	FCAXSX	USD		7	20260422	20260429	1LPH7
1NA	XNYM	1	FUT	70	FCMXSX	USD		91	20260422	20260429	1NAF7
1NM	XNYM	1	FUT	70	FCMXSX	USD		259	20260422	20260429	1NMF7
1OT	XCEC	1	FUT	70	FXXXSX	USD		35	20260422	20260429	1OTG7
1OZ	XCEC	1	FUT	70	FXXXSX	USD		84	20260422	20260429	1OZG7
1S	XNYM	1	FUT	70	FCMXSX	USD		287	20260422	20260429	1SJ601
1T	XNYM	1	FUT	70	FCMXSX	USD		259	20260422	20260429	1TF7
1Y	XNYM	1	FUT	70	FCMXSX	USD		476	20260422	20260429	1YF0
1ZA	XNYM	1	FUT	70	FCMXSX	USD		476	20260422	20260429	1ZAF0
20U	XCBT	1	FUT	70	FFDXSX	USD		28	20260422	20260429	20UK6
22	XNYM	1	FUT	70	FCMXSX	USD		588	20260422	20260429	22J601
23	XNYM	1	FUT	70	FCMXSX	USD		224	20260422	20260429	23F7
25U	XCBT	1	FUT	70	FFDXSX	USD		28	20260422	20260429	25UK6
26	XNYM	1	FUT	70	FCMXSX	USD		514	20260422	20260429	26F0
27	XNYM	1	FUT	70	FCMXSX	USD		259	20260422	20260429	27F7
2D	XNYM	1	FUT	70	FCMXSX	USD		476	20260422	20260429	2DF0
2FW	XNYM	1	FUT	70	FCMXSX	USD		403	20260422	20260429	2FWJ620
2GT	XCME	4	FUT	70	FFIXSX	USD		35	20260422	20260429	2GTH7
2JW	XNYM	1	FUT	70	FCMXSX	USD		476	20260422	20260429	2JWJ620
2K0	XCME	1	FUT	70	FCAXSX	USD		7	20260422	20260429	2K0M6
2K1	XCME	1	FUT	70	FCAXSX	USD		7	20260422	20260429	2K1M6
2K2	XCME	1	FUT	70	FCAXSX	USD		7	20260422	20260429	2K2M6
2K3	XCME	1	FUT	70	FCAXSX	USD		7	20260422	20260429	2K3M6
2K4	XCME	1	FUT	70	FCAXSX	USD		7	20260422	20260429	2K4M6
2K5	XCME	1	FUT	70	FCAXSX	USD		7	20260422	20260429	2K5M6
2K6	XCME	1	FUT	70	FCAXSX	USD		7	20260422	20260429	2K6M6
2K7	XCME	1	FUT	70	FCAXSX	USD		7	20260422	20260429	2K7M6
2KP	XCME	1	FUT	70	FCAXSX	USD		7	20260422	20260429	2KPM6
2KQ	XCME	1	FUT	70	FCAXSX	USD		7	20260422	20260429	2KQM6
2KR	XCME	1	FUT	70	FCAXSX	USD		7	20260422	20260429	2KRM6
2KS	XCME	1	FUT	70	FCAXSX	USD		7	20260422	20260429	2KSM6
2KW	XCME	1	FUT	70	FCAXSX	USD		7	20260422	20260429	2KWM6
2VT	XCME	4	FUT	70	FFIXSX	USD		35	20260422	20260429	2VTH7
2ZW	XNYM	1	FUT	70	FCMXSX	USD		469	20260422	20260429	2ZWJ621
30U	XCBT	1	FUT	70	FFDXSX	USD		28	20260422	20260429	30UK6
33K	XCME	1	FUT	70	FCAXSX	USD		7	20260422	20260429	33KU6
35U	XCBT	1	FUT	70	FFDXSX	USD		28	20260422	20260429	35UK6
3G0	XCME	1	FUT	70	FCAXSX	GBP		7	20260422	20260429	3G0U6
3G1	XCME	1	FUT	70	FCAXSX	EUR		7	20260422	20260429	3G1U6
3G2	XCME	1	FUT	70	FCAXSX	EUR		7	20260422	20260429	3G2U6
3G4	XCME	1	FUT	70	FCAXSX	EUR		7	20260422	20260429	3G4U6
3G6	XCME	1	FUT	70	FCAXSX	JPY		7	20260422	20260429	3G6U6
3K0	XCME	1	FUT	70	FCAXSX	USD		7	20260422	20260429	3K0U6
3K1	XCME	1	FUT	70	FCAXSX	USD		7	20260422	20260429	3K1U6
3K2	XCME	1	FUT	70	FCAXSX	USD		7	20260422	20260429	3K2U6
3K3	XCME	1	FUT	70	FCAXSX	USD		7	20260422	20260429	3K3U6
3K4	XCME	1	FUT	70	FCAXSX	USD		7	20260422	20260429	3K4U6
3K5	XCME	1	FUT	70	FCAXSX	USD		7	20260422	20260429	3K5U6
3K6	XCME	1	FUT	70	FCAXSX	USD		7	20260422	20260429	3K6U6
3K7	XCME	1	FUT	70	FCAXSX	USD		7	20260422	20260429	3K7U6
3KP	XCME	1	FUT	70	FCAXSX	USD		7	20260422	20260429	3KPU6
3KQ	XCME	1	FUT	70	FCAXSX	USD		7	20260422	20260429	3KQU6
3KS	XCME	1	FUT	70	FCAXSX	USD		7	20260422	20260429	3KSU6
3KW	XCME	1	FUT	70	FCAXSX	USD		7	20260422	20260429	3KWU6
3L	XNYM	1	FUT	70	FCMXSX	USD		259	20260422	20260429	3LF7
3NA	XNYM	1	FUT	70	FCMXSX	USD		231	20260422	20260429	3NAF7
3NB	XNYM	1	FUT	70	FCMXSX	USD		588	20260422	20260429	3NBJ601
3P	XNYM	1	FUT	70	FCMXSX	USD		343	20260422	20260429	3PF0
3V	XNYM	1	FUT	70	FCMXSX	USD		588	20260422	20260429	3VJ601
3XW	XNYM	1	FUT	70	FCMXSX	USD		476	20260422	20260429	3XWF0
3ZW	XNYM	1	FUT	70	FCMXSX	USD		396	20260422	20260429	3ZWJ621
40U	XCBT	1	FUT	70	FFDXSX	USD		28	20260422	20260429	40UK6
45U	XCBT	1	FUT	70	FFDXSX	USD		28	20260422	20260429	45UK6
4C	XNYM	1	FUT	70	FCMXSX	USD		259	20260422	20260429	4CF7
4D0	XCME	1	FUT	70	FCAXSX	GBP		7	20260422	20260429	4D0Z6
4D1	XCME	1	FUT	70	FCAXSX	EUR		7	20260422	20260429	4D1Z6
4D2	XCME	1	FUT	70	FCAXSX	EUR		7	20260422	20260429	4D2Z6
4D4	XCME	1	FUT	70	FCAXSX	EUR		7	20260422	20260429	4D4Z6
4G6	XCME	1	FUT	70	FCAXSX	JPY		7	20260422	20260429	4G6Z6
4GC	XCEC	1	FUT	70	FXXXSX	USD		154	20260422	20260429	4GCG7
4H0	XCME	1	FUT	70	FCAXSX	USD		7	20260422	20260429	4H0Z6
4H1	XCME	1	FUT	70	FCAXSX	USD		7	20260422	20260429	4H1Z6
4H2	XCME	1	FUT	70	FCAXSX	USD		7	20260422	20260429	4H2Z6
4H3	XCME	1	FUT	70	FCAXSX	USD		7	20260422	20260429	4H3Z6
4H4	XCME	1	FUT	70	FCAXSX	USD		7	20260422	20260429	4H4Z6
4H5	XCME	1	FUT	70	FCAXSX	USD		7	20260422	20260429	4H5Z6
4H6	XCME	1	FUT	70	FCAXSX	USD		7	20260422	20260429	4H6Z6
4H7	XCME	1	FUT	70	FCAXSX	USD		7	20260422	20260429	4H7Z6
4HQ	XCME	1	FUT	70	FCAXSX	USD		7	20260422	20260429	4HQZ6
4HR	XCME	1	FUT	70	FCAXSX	USD		7	20260422	20260429	4HRZ6
4HS	XCME	1	FUT	70	FCAXSX	USD		7	20260422	20260429	4HSZ6
4HW	XCME	1	FUT	70	FCAXSX	USD		7	20260422	20260429	4HWZ6
4LP	XCME	1	FUT	70	FCAXSX	USD		7	20260422	20260429	4LPZ6
4V	XNYM	1	FUT	70	FCMXSX	USD		588	20260422	20260429	4VJ601
4XW	XNYM	1	FUT	70	FCMXSX	USD		476	20260422	20260429	4XWF0
50U	XCBT	1	FUT	70	FFDXSX	USD		28	20260422	20260429	50UK6
51	XNYM	1	FUT	70	FCMXSX	USD		266	20260422	20260429	51F7
55U	XCBT	1	FUT	70	FFDXSX	USD		28	20260422	20260429	55UK6
5L	XNYM	1	FUT	70	FCMXSX	USD		588	20260422	20260429	5LJ601
5Y	XNYM	1	FUT	70	FCMXSX	USD		259	20260422	20260429	5YF7
60U	XCBT	1	FUT	70	FFDXSX	USD		28	20260422	20260429	60UK6
63	XNYM	1	FUT	70	FCMXSX	USD		574	20260422	20260429	63J601
65U	XCBT	1	FUT	70	FFDXSX	USD		28	20260422	20260429	65UK6
6EB	XCME	4	FUT	70	FFIXSX	USD		7	20260422	20260429	6EBM6
6EP	XCME	4	FUT	70	FFIXSX	USD		14	20260422	20260429	6EPJ6
6H	XCME	1	FUT	70	FFCXSX	USD		35	20260422	20260429	6HH7
6L	XCME	1	FUT	70	FFCXSX	USD		427	20260422	20260429	6LF0
6Z	XCME	1	FUT	70	FFCXSX	USD		119	20260422	20260429	6ZF7
70U	XCBT	1	FUT	70	FFDXSX	USD		28	20260422	20260429	70UK6
7D	XNYM	1	FUT	70	FCMXSX	USD		343	20260422	20260429	7DF0
7F	XNYM	1	FUT	70	FCMXSX	USD		560	20260422	20260429	7FF0
7FT	XNYM	1	FUT	70	FCMXSX	USD		25	20260422	20260429	7FTK6
7IF	XCBT	1	FUT	70	FCAXSX	USD		91	20260422	20260429	7IFF7
7IS	XCBT	1	FUT	70	FCAXSX	USD		28	20260422	20260429	7ISH7
7N	XNYM	1	FUT	70	FCMXSX	USD		588	20260422	20260429	7NJ601
7V	XNYM	1	FUT	70	FCMXSX	USD		588	20260422	20260429	7VJ601
7X	XNYM	1	FUT	70	FCMXSX	USD		588	20260422	20260429	7XJ601
88	XNYM	1	FUT	70	FCMXSX	USD		588	20260422	20260429	88J601
8D	XNYM	1	FUT	70	FCMXSX	USD		588	20260422	20260429	8DJ601
8W	XNYM	1	FUT	70	FCMXSX	USD		588	20260422	20260429	8WJ601
9Q	XNYM	1	FUT	70	FCMXSX	USD		588	20260422	20260429	9QJ601
A0D	XNYM	1	FUT	70	FCMXSX	USD		399	20260422	20260429	A0DF0
A0F	XNYM	1	FUT	70	FCMXSX	USD		483	20260422	20260429	A0FF0
A1D	XNYM	1	FUT	70	FCMXSX	USD		287	20260422	20260429	A1DJ601
A1G	XNYM	1	FUT	70	FCMXSX	USD		287	20260422	20260429	A1GJ601
A1L	XNYM	1	FUT	70	FCMXSX	USD		287	20260422	20260429	A1LJ601
A1M	XNYM	1	FUT	70	FCMXSX	USD		287	20260422	20260429	A1MJ601
A1P	XNYM	1	FUT	70	FCMXSX	USD		588	20260422	20260429	A1PJ601
A1R	XNYM	1	FUT	70	FCMXSX	USD		343	20260422	20260429	A1RF0
A1U	XNYM	1	FUT	70	FCMXSX	USD		231	20260422	20260429	A1UF7
A1V	XNYM	1	FUT	70	FCMXSX	USD		231	20260422	20260429	A1VF7
A1W	XNYM	1	FUT	70	FCMXSX	USD		259	20260422	20260429	A1WF7
A1X	XNYM	1	FUT	70	FCMXSX	USD		259	20260422	20260429	A1XF7
A2T	XCME	4	FUT	70	FFIXSX	USD		98	20260422	20260429	A2TH7
A32	XNYM	1	FUT	70	FCMXSX	USD		588	20260422	20260429	A32J601
A33	XNYM	1	FUT	70	FCMXSX	USD		259	20260422	20260429	A33F7
A38	XCEC	1	FUT	70	FXXXSX	USD		147	20260422	20260429	A38F7
A3C	XNYM	1	FUT	70	FCMXSX	USD		259	20260422	20260429	A3CF7
A3G	XNYM	1	FUT	70	FCMXSX	USD		343	20260422	20260429	A3GF0
A3M	XNYM	1	FUT	70	FCMXSX	USD		259	20260422	20260429	A3MF7
A3N	XNYM	1	FUT	70	FCMXSX	USD		343	20260422	20260429	A3NF0
A3Q	XNYM	1	FUT	70	FCMXSX	USD		259	20260422	20260429	A3QF7
A3R	XNYM	1	FUT	70	FCMXSX	USD		259	20260422	20260429	A3RF7
A42	XNYM	1	FUT	70	FCMXSX	USD		287	20260422	20260429	A42J601
A43	XNYM	1	FUT	70	FCMXSX	USD		588	20260422	20260429	A43J601
A4L	XNYM	1	FUT	70	FCMXSX	USD		476	20260422	20260429	A4LF0
A4M	XNYM	1	FUT	70	FCMXSX	USD		476	20260422	20260429	A4MF0
A4Q	XNYM	1	FUT	70	FCMXSX	USD		476	20260422	20260429	A4QF0
A4R	XNYM	1	FUT	70	FCMXSX	USD		476	20260422	20260429	A4RF0
A55	XNYM	1	FUT	70	FCMXSX	USD		476	20260422	20260429	A55F0
A58	XNYM	1	FUT	70	FCMXSX	USD		476	20260422	20260429	A58F0
A59	XNYM	1	FUT	70	FCMXSX	USD		535	20260422	20260429	A59J620
A5C	XNYM	1	FUT	70	FCMXSX	USD		231	20260422	20260429	A5CF7
A6L	XNYM	1	FUT	70	FCMXSX	USD		588	20260422	20260429	A6LJ601
A6V	XNYM	1	FUT	70	FCMXSX	USD		588	20260422	20260429	A6VJ601
A6W	XNYM	1	FUT	70	FCMXSX	USD		535	20260422	20260429	A6WJ620
A6X	XNYM	1	FUT	70	FCMXSX	USD		588	20260422	20260429	A6XJ601
A7E	XNYM	1	FUT	70	FCMXSX	USD		343	20260422	20260429	A7EF0
A7G	XNYM	1	FUT	70	FCMXSX	USD		491	20260422	20260429	A7GJ620
A7I	XNYM	1	FUT	70	FCMXSX	USD		588	20260422	20260429	A7IJ601
A7L	XNYM	1	FUT	70	FCMXSX	USD		259	20260422	20260429	A7LF7
A7Q	XNYM	1	FUT	70	FCMXSX	USD		399	20260422	20260429	A7QF0
A7Y	XNYM	1	FUT	70	FCMXSX	USD		259	20260422	20260429	A7YF7
A81	XNYM	1	FUT	70	FCMXSX	USD		315	20260422	20260429	A81F7
A8B	XNYM	1	FUT	70	FCMXSX	USD		588	20260422	20260429	A8BJ601
A8C	XNYM	1	FUT	70	FCMXSX	USD		287	20260422	20260429	A8CJ601
A8G	XNYM	1	FUT	70	FCMXSX	USD		588	20260422	20260429	A8GJ601
A8I	XNYM	1	FUT	70	FCMXSX	USD		399	20260422	20260429	A8IF0
A8J	XNYM	1	FUT	70	FCMXSX	USD		287	20260422	20260429	A8JJ601
A8K	XNYM	1	FUT	70	FCMXSX	USD		399	20260422	20260429	A8KF0
A8L	XNYM	1	FUT	70	FCMXSX	USD		259	20260422	20260429	A8LF7
A8M	XNYM	1	FUT	70	FCMXSX	USD		259	20260422	20260429	A8MF7
A8O	XNYM	1	FUT	70	FCMXSX	USD		287	20260422	20260429	A8OJ601
A91	XNYM	1	FUT	70	FCMXSX	USD		266	20260422	20260429	A91F7
A9N	XNYM	1	FUT	70	FCMXSX	USD		343	20260422	20260429	A9NF0
AA3	XNYM	1	FUT	70	FCMXSX	USD		476	20260422	20260429	AA3F0
AA4	XNYM	1	FUT	70	FCMXSX	USD		472	20260422	20260429	AA4F0
AA5	XNYM	1	FUT	70	FCMXSX	USD		259	20260422	20260429	AA5F7
AA6	XNYM	1	FUT	70	FCMXSX	USD		231	20260422	20260429	AA6F7
AA7	XNYM	1	FUT	70	FCMXSX	USD		259	20260422	20260429	AA7F7
AA8	XNYM	1	FUT	70	FCMXSX	USD		259	20260422	20260429	AA8F7
AA9	XNYM	1	FUT	70	FCMXSX	USD		259	20260422	20260429	AA9F7
AB6	XNYM	1	FUT	70	FCMXSX	USD		595	20260422	20260429	AB6J601
AB7	XNYM	1	FUT	70	FCMXSX	USD		588	20260422	20260429	AB7J601
ABB	XCME	4	FUT	70	FFIXSX	USD		80	20260422	20260429	ABBH7
ABH	XNYM	1	FUT	70	FCMXSX	USD		224	20260422	20260429	ABHF7
ABI	XNYM	1	FUT	70	FCMXSX	USD		588	20260422	20260429	ABIJ601
ABS	XNYM	1	FUT	70	FCMXSX	USD		588	20260422	20260429	ABSJ601
ABT	XNYM	1	FUT	70	FCMXSX	USD		588	20260422	20260429	ABTJ601
ABX	XNYM	1	FUT	70	FCMXSX	USD		588	20260422	20260429	ABXJ601
ABY	XNYM	1	FUT	70	FCMXSX	USD		301	20260422	20260429	ABYF7
AC0	XNYM	1	FUT	70	FCMXSX	USD		399	20260422	20260429	AC0F0
ACB	XNYM	1	FUT	70	FCMXSX	USD		483	20260422	20260429	ACBF0
ACD	XCME	1	FUT	70	FFCXSX	CAD		42	20260422	20260429	ACDH7
ACS	XNYM	1	FUT	70	FCMXSX	USD		42	20260422	20260429	ACSZ0
ACU	XNYM	1	FUT	70	FCMXSX	AUD		308	20260422	20260429	ACUF7
AD0	XNYM	1	FUT	70	FCMXSX	USD		399	20260422	20260429	AD0F0
ADB	XNYM	1	FUT	70	FCMXSX	USD		483	20260422	20260429	ADBF0
ADT	XCBT	4	FUT	70	FFIXSX	USD		98	20260422	20260429	ADTH7
AE5	XNYM	1	FUT	70	FCMXSX	USD		472	20260422	20260429	AE5F0
AEB	XNYM	1	FUT	70	FCMXSX	USD		483	20260422	20260429	AEBF0
AEP	XCEC	1	FUT	70	FXXXSX	USD		315	20260422	20260429	AEPF7
AET	XNYM	1	FUT	70	FCMXSX	USD		231	20260422	20260429	AETF7
AEZ	XNYM	1	FUT	70	FCMXSX	USD		259	20260422	20260429	AEZF7
AFE	XNYM	1	FUT	70	FCMXSX	USD		588	20260422	20260429	AFEJ601
AFF	XNYM	1	FUT	70	FCMXSX	USD		651	20260422	20260429	AFFF0
AFH	XNYM	1	FUT	70	FCMXSX	USD		472	20260422	20260429	AFHF0
AFI	XNYM	1	FUT	70	FCMXSX	USD		231	20260422	20260429	AFIF7
AFK	XNYM	1	FUT	70	FCMXSX	USD		231	20260422	20260429	AFKF7
AFY	XNYM	1	FUT	70	FCMXSX	USD		483	20260422	20260429	AFYF0
AGA	XNYM	1	FUT	70	FCMXSX	USD		231	20260422	20260429	AGAF7
AGE	XNYM	1	FUT	70	FCMXSX	USD		259	20260422	20260429	AGEF7
AGT	XNYM	1	FUT	70	FCMXSX	USD		231	20260422	20260429	AGTF7
AGX	XNYM	1	FUT	70	FCMXSX	USD		567	20260422	20260429	AGXF0
AH3	XNYM	1	FUT	70	FCMXSX	USD		476	20260422	20260429	AH3F0
AHB	XCME	4	FUT	70	FFIXSX	USD		80	20260422	20260429	AHBH7
AHJ	XNYM	1	FUT	70	FCMXSX	USD		476	20260422	20260429	AHJF0
AHL	XNYM	1	FUT	70	FCMXSX	USD		315	20260422	20260429	AHLF7
AHM	XNYM	1	FUT	70	FCMXSX	USD		476	20260422	20260429	AHMF0
AI1	XNYM	1	FUT	70	FCMXSX	USD		476	20260422	20260429	AI1F0
AI2	XNYM	1	FUT	70	FCMXSX	USD		476	20260422	20260429	AI2F0
AI3	XNYM	1	FUT	70	FCMXSX	USD		337	20260422	20260429	AI3J620
AI4	XNYM	1	FUT	70	FCMXSX	USD		476	20260422	20260429	AI4J620
AI5	XNYM	1	FUT	70	FCMXSX	USD		476	20260422	20260429	AI5F0
AI6	XNYM	1	FUT	70	FCMXSX	USD		476	20260422	20260429	AI6F0
AI7	XNYM	1	FUT	70	FCMXSX	USD		337	20260422	20260429	AI7J620
AI9	XNYM	1	FUT	70	FCMXSX	USD		476	20260422	20260429	AI9F0
AJ	XNYM	1	FUT	70	FCMXSX	USD		259	20260422	20260429	AJF7
AJ1	XNYM	1	FUT	70	FCMXSX	USD		476	20260422	20260429	AJ1F0
AJ9	XNYM	1	FUT	70	FCMXSX	USD		588	20260422	20260429	AJ9J601
AJB	XNYM	1	FUT	70	FCMXSX	USD		259	20260422	20260429	AJBF7
AJJ	XNYM	1	FUT	70	FCMXSX	USD		308	20260422	20260429	AJJF7
AJL	XNYM	1	FUT	70	FCMXSX	USD		259	20260422	20260429	AJLF7
AJR	XNYM	1	FUT	70	FCMXSX	USD		231	20260422	20260429	AJRF7
AJS	XNYM	1	FUT	70	FCMXSX	USD		231	20260422	20260429	AJSF7
AJY	XCME	1	FUT	70	FFCXSX	JPY		42	20260422	20260429	AJYH7
AK1	XNYM	1	FUT	70	FCMXSX	USD		337	20260422	20260429	AK1J620
AKL	XNYM	1	FUT	70	FCMXSX	USD		231	20260422	20260429	AKLF7
AKR	XNYM	1	FUT	70	FCMXSX	USD		588	20260422	20260429	AKRJ601
AKS	XNYM	1	FUT	70	FCMXSX	USD		231	20260422	20260429	AKSF7
AKX	XNYM	1	FUT	70	FCMXSX	USD		588	20260422	20260429	AKXJ601
AKZ	XNYM	1	FUT	70	FCMXSX	USD		588	20260422	20260429	AKZJ601
AL9	XNYM	1	FUT	70	FCMXSX	USD		476	20260422	20260429	AL9F0
ALA	XCEC	1	FUT	70	FXXXSX	USD		231	20260422	20260429	ALAF7
ALB	XCEC	1	FUT	70	FXXXSX	USD		231	20260422	20260429	ALBF7
ALI	XCEC	1	FUT	70	FXXXSX	USD		427	20260422	20260429	ALIF0
ALM	XNYM	1	FUT	70	FCMXSX	USD		308	20260422	20260429	ALMF7
ALY	XNYM	1	FUT	70	FCMXSX	USD		315	20260422	20260429	ALYF7
AM1	XNYM	1	FUT	70	FCMXSX	USD		476	20260422	20260429	AM1J620
AMB	XCME	4	FUT	70	FFIXSX	USD		80	20260422	20260429	AMBH7
AML	XNYM	1	FUT	70	FCMXSX	USD		259	20260422	20260429	AMLF7
AN1	XNYM	1	FUT	70	FCMXSX	USD		476	20260422	20260429	AN1F0
ANE	XCME	1	FUT	70	FFCXSX	NZD		42	20260422	20260429	ANEH7
ANL	XNYM	1	FUT	70	FCMXSX	USD		330	20260422	20260429	ANLJ621
ANT	XNYM	1	FUT	70	FCMXSX	USD		255	20260422	20260429	ANTF7
AO1	XNYM	1	FUT	70	FCMXSX	USD		476	20260422	20260429	AO1F0
AOB	XNYM	1	FUT	70	FCMXSX	USD		588	20260422	20260429	AOBJ601
AOH	XNYM	1	FUT	70	FCMXSX	USD		476	20260422	20260429	AOHF0
AOJ	XNYM	1	FUT	70	FCMXSX	USD		308	20260422	20260429	AOJF7
AP1	XNYM	1	FUT	70	FCMXSX	USD		476	20260422	20260429	AP1J620
AP2	XNYM	1	FUT	70	FCMXSX	USD		476	20260422	20260429	AP2F0
AP3	XNYM	1	FUT	70	FCMXSX	USD		476	20260422	20260429	AP3F0
AP4	XNYM	1	FUT	70	FCMXSX	USD		476	20260422	20260429	AP4F0
AP5	XNYM	1	FUT	70	FCMXSX	USD		476	20260422	20260429	AP5F0
AP7	XNYM	1	FUT	70	FCMXSX	USD		476	20260422	20260429	AP7F0
AP8	XNYM	1	FUT	70	FCMXSX	USD		476	20260422	20260429	AP8F0
AP9	XNYM	1	FUT	70	FCMXSX	USD		476	20260422	20260429	AP9F0
APA	XNYM	1	FUT	70	FCMXSX	CAD		476	20260422	20260429	APAF0
APS	XNYM	1	FUT	70	FCMXSX	USD		315	20260422	20260429	APSF7
AQ5	XNYM	1	FUT	70	FCMXSX	USD		476	20260422	20260429	AQ5F0
AQA	XNYM	1	FUT	70	FCMXSX	USD		567	20260422	20260429	AQAF0
AQK	XNYM	1	FUT	70	FCMXSX	CAD		476	20260422	20260429	AQKF0
AQT	XCME	4	FUT	70	FFIXSX	USD		98	20260422	20260429	AQTH7
AR0	XNYM	1	FUT	70	FCMXSX	USD		287	20260422	20260429	AR0J601
AR1	XNYM	1	FUT	70	FCMXSX	USD		337	20260422	20260429	AR1J620
AR4	XNYM	1	FUT	70	FCMXSX	USD		476	20260422	20260429	AR4J620
AR6	XNYM	1	FUT	70	FCMXSX	USD		476	20260422	20260429	AR6F0
ARE	XNYM	1	FUT	70	FCMXSX	USD		315	20260422	20260429	AREF7
ART	XCME	4	FUT	70	FFIXSX	USD		98	20260422	20260429	ARTH7
ARY	XNYM	1	FUT	70	FCMXSX	USD		315	20260422	20260429	ARYF7
ASD	XNYM	1	FUT	70	FCMXSX	USD		91	20260422	20260429	ASDF7
ASP	XNYM	1	FUT	70	FCMXSX	USD		231	20260422	20260429	ASPF7
ASPT	XCME	4	FUT	70	FFIXSX	USD		56	20260422	20260429	ASPTZ26
AST	XCME	4	FUT	70	FFIXSX	USD		168	20260422	20260429	ASTF27
AT0	XNYM	1	FUT	70	FCMXSX	USD		399	20260422	20260429	AT0F0
ATB	XCME	4	FUT	70	FFIXSX	USD		80	20260422	20260429	ATBH7
ATP	XNYM	1	FUT	70	FCMXSX	USD		231	20260422	20260429	ATPF7
ATU	XNYM	1	FUT	70	FCMXSX	USD		231	20260422	20260429	ATUF7
ATY	XNYM	1	FUT	70	FCMXSX	USD		259	20260422	20260429	ATYF7
AU2	XNYM	1	FUT	70	FCMXSX	USD		476	20260422	20260429	AU2F0
AU3	XNYM	1	FUT	70	FCMXSX	USD		476	20260422	20260429	AU3F0
AU4	XNYM	1	FUT	70	FCMXSX	USD		476	20260422	20260429	AU4F0
AU5	XNYM	1	FUT	70	FCMXSX	USD		476	20260422	20260429	AU5F0
AU6	XNYM	1	FUT	70	FCMXSX	USD		476	20260422	20260429	AU6F0
AUB	XNYM	1	FUT	70	FCMXSX	USD		511	20260422	20260429	AUBF0
AUF	XNYM	1	FUT	70	FCMXSX	USD		483	20260422	20260429	AUFF0
AUH	XNYM	1	FUT	70	FCMXSX	USD		483	20260422	20260429	AUHF0
AUI	XNYM	1	FUT	70	FCMXSX	USD		259	20260422	20260429	AUIF7
AUJ	XNYM	1	FUT	70	FCMXSX	USD		259	20260422	20260429	AUJF7
AUP	XCEC	1	FUT	70	FXXXSX	USD		427	20260422	20260429	AUPF0
AUS	XNYM	1	FUT	70	FCMXSX	USD		231	20260422	20260429	AUSF7
AUW	XCBT	1	FUT	70	FCAXSX	USD		91	20260422	20260429	AUWF7
AV0	XNYM	1	FUT	70	FCMXSX	USD		259	20260422	20260429	AV0F7
AVK	XNYM	1	FUT	70	FCMXSX	USD		287	20260422	20260429	AVKJ601
AVL	XNYM	1	FUT	70	FCMXSX	USD		259	20260422	20260429	AVLF7
AVU	XNYM	1	FUT	70	FCMXSX	USD		588	20260422	20260429	AVUJ601
AVZ	XNYM	1	FUT	70	FCMXSX	USD		287	20260422	20260429	AVZJ601
AW	XCBT	1	FUT	70	FCAXSX	USD		42	20260422	20260429	AWH7
AW2	XNYM	1	FUT	70	FCMXSX	USD		476	20260422	20260429	AW2F0
AWJ	XNYM	1	FUT	70	FCMXSX	USD		483	20260422	20260429	AWJF0
AWQ	XNYM	1	FUT	70	FCMXSX	USD		231	20260422	20260429	AWQF7
AWT	XCBT	4	FUT	70	FFIXSX	USD		42	20260422	20260429	AWTH7
AXB	XNYM	1	FUT	70	FCMXSX	USD		483	20260422	20260429	AXBF0
AY	XNYM	1	FUT	70	FCMXSX	USD		472	20260422	20260429	AYF0
AYV	XNYM	1	FUT	70	FCMXSX	USD		472	20260422	20260429	AYVF0
AYX	XNYM	1	FUT	70	FCMXSX	USD		483	20260422	20260429	AYXF0
AZ0	XNYM	1	FUT	70	FCMXSX	USD		588	20260422	20260429	AZ0J601
AZ1	XNYM	1	FUT	70	FCMXSX	EUR		259	20260422	20260429	AZ1F7
AZ5	XNYM	1	FUT	70	FCMXSX	USD		231	20260422	20260429	AZ5F7
AZ7	XNYM	1	FUT	70	FCMXSX	USD		231	20260422	20260429	AZ7F7
B0	XNYM	1	FUT	70	FCMXSX	USD		399	20260422	20260429	B0F0
B1	XNYM	1	FUT	70	FCMXSX	USD		588	20260422	20260429	B1J601
B1S	XCBT	1	FUT	70	FFDXSX	USD		14	20260422	20260429	B1SM6
B2K	XNYM	1	FUT	70	FCMXSX	USD		476	20260422	20260429	B2KJ620
B7H	XNYM	1	FUT	70	FCMXSX	USD		315	20260422	20260429	B7HF7
B8	XNYM	1	FUT	70	FCMXSX	USD		588	20260422	20260429	B8J601
BAB	XCME	4	FUT	70	FFIXSX	USD		30	20260422	20260429	BABJ624
BAG	XCBT	1	FUT	70	FCAXSX	USD		42	20260422	20260429	BAGH7
BAT	XCBT	4	FUT	70	FFIXSX	USD		42	20260422	20260429	BATH7
BB	XNYM	1	FUT	70	FCMXSX	USD		637	20260422	20260429	BBF0
BBT	XNYM	1	FUT	70	FCMXSX	USD		49	20260422	20260429	BBTM6
BCH	XCEC	1	FUT	70	FXXXSX	USD		169	20260422	20260429	BCHF7
BCR	XNYM	1	FUT	70	FCMXSX	USD		588	20260422	20260429	BCRJ601
BDB	XNYM	1	FUT	70	FCMXSX	USD		588	20260422	20260429	BDBJ601
BDT	XNYM	1	FUT	70	FCMXSX	USD		304	20260422	20260429	BDTF7
BEB	XNYM	1	FUT	70	FCMXSX	USD		588	20260422	20260429	BEBJ601
BEF	XNYM	1	FUT	70	FCMXSX	USD		315	20260422	20260429	BEFF7
BEN	XCBT	1	FUT	70	FCAXSX	USD		42	20260422	20260429	BENH7
BET	XCBT	4	FUT	70	FFIXSX	USD		42	20260422	20260429	BETH7
BFB	XCME	4	FUT	70	FFIXSX	USD		30	20260422	20260429	BFBJ624
BFR	XNYM	1	FUT	70	FCMXSX	USD		147	20260422	20260429	BFRF7
BG1	XNYM	1	FUT	70	FCMXSX	USD		315	20260422	20260429	BG1F7
BG2	XNYM	1	FUT	70	FCMXSX	USD		315	20260422	20260429	BG2F7
BG3	XNYM	1	FUT	70	FCMXSX	USD		315	20260422	20260429	BG3F7
BGR	XCBT	1	FUT	70	FCAXSX	USD		42	20260422	20260429	BGRH7
BGT	XCBT	4	FUT	70	FFIXSX	USD		42	20260422	20260429	BGTH7
BHO	XNYM	1	FUT	70	FCMXSX	USD		231	20260422	20260429	BHOF7
BIO	XCME	4	FUT	70	FFIXSX	USD		35	20260422	20260429	BIOH7
BIT	XCME	4	FUT	70	FFIXSX	USD		35	20260422	20260429	BITH7
BK	XNYM	1	FUT	70	FCMXSX	USD		735	20260422	20260429	BKF0
BKB	XNYM	1	FUT	70	FCMXSX	USD		588	20260422	20260429	BKBJ601
BKT	XNYM	1	FUT	70	FCMXSX	USD		304	20260422	20260429	BKTF7
BLB	XCME	4	FUT	70	FFIXSX	USD		30	20260422	20260429	BLBJ624
BLI	XCBT	1	FUT	70	FCAXSX	USD		42	20260422	20260429	BLIH7
BLT	XCBT	4	FUT	70	FFIXSX	USD		42	20260422	20260429	BLTH7
BME	XCBT	1	FUT	70	FCAXSX	USD		42	20260422	20260429	BMEH7
BMT	XCBT	4	FUT	70	FFIXSX	USD		42	20260422	20260429	BMTH7
BNB	XCME	4	FUT	70	FFIXSX	USD		80	20260422	20260429	BNBH7
BOO	XNYM	1	FUT	70	FCMXSX	USD		399	20260422	20260429	BOOF0
BOS	XCME	1	FUT	70	FCAXSX	USD		63	20260422	20260429	BOSG0
BOT	XCME	4	FUT	70	FFIXSX	USD		35	20260422	20260429	BOTH7
BPA	XNYM	1	FUT	70	FCMXSX	USD		301	20260422	20260429	BPAF7
BPE	XCBT	1	FUT	70	FCAXSX	USD		42	20260422	20260429	BPEH7
BPR	XCBT	1	FUT	70	FCAXSX	USD		42	20260422	20260429	BPRH7
BPT	XCBT	4	FUT	70	FFIXSX	USD		42	20260422	20260429	BPTH7
BPU	XNYM	1	FUT	70	FCMXSX	USD		387	20260422	20260429	BPUJ601
BR7	XNYM	1	FUT	70	FCMXSX	USD		588	20260422	20260429	BR7J601
BST	XCBT	4	FUT	70	FFIXSX	USD		42	20260422	20260429	BSTH7
BTB	XCME	4	FUT	70	FFIXSX	USD		80	20260422	20260429	BTBH7
BUC	XNYM	1	FUT	70	FCMXSX	USD		315	20260422	20260429	BUCF7
BWH	XNYM	1	FUT	70	FCMXSX	USD		360	20260422	20260429	BWHH626
BZL	XNYM	1	FUT	70	FCMXSX	USD		28	20260422	20260429	BZLM6
BZS	XNYM	1	FUT	70	FCMXSX	USD		28	20260422	20260429	BZSM6
BZT	XNYM	1	FUT	70	FCMXSX	USD		98	20260422	20260429	BZTF7
C2E	XNYM	1	FUT	70	FCMXSX	USD		476	20260422	20260429	C2EF0
C4Z	XNYM	1	FUT	70	FCMXSX	USD		469	20260422	20260429	C4ZJ621
CB	XCME	1	FUT	70	FCAXSX	USD		175	20260422	20260429	CBF7
CBB	XNYM	1	FUT	70	FCMXSX	USD		287	20260422	20260429	CBBJ601
CC5	XNYM	1	FUT	70	FCMXSX	USD		469	20260422	20260429	CC5F0
CCI	XCME	1	FUT	70	FCAXSX	USD		42	20260422	20260429	CCIH7
CCM	XNYM	1	FUT	70	FCMXSX	USD		434	20260422	20260429	CCMJ601
CCT	XCME	1	FUT	70	FCAXSX	USD		42	20260422	20260429	CCTH7
CFB	XNYM	1	FUT	70	FCMXSX	USD		105	20260422	20260429	CFBJ624
CFC	XNYM	1	FUT	70	FCMXSX	USD		77	20260422	20260429	CFCJ624
CGB	XNYM	1	FUT	70	FCMXSX	USD		287	20260422	20260429	CGBJ601
CHI	XCME	1	FUT	70	FCAXSX	USD		63	20260422	20260429	CHIG0
CHP	XCME	1	FUT	70	FFCXSX	USD		119	20260422	20260429	CHPF7
CJ	XNYM	1	FUT	70	FCAXSX	USD		66	20260422	20260429	CJH7
CJY	XCME	1	FUT	70	FFCXSX	JPY		42	20260422	20260429	CJYH7
CLC	XNYM	1	FUT	70	FCMXSX	USD		10	20260422	20260429	CLCK6
CLD	XNYM	1	FUT	70	FCMXSX	USD		315	20260422	20260429	CLDF7
CLL	XNYM	1	FUT	70	FCMXSX	USD		24	20260422	20260429	CLLK6
CLS	XNYM	1	FUT	70	FCMXSX	USD		24	20260422	20260429	CLSK6
CLT	XNYM	1	FUT	70	FCMXSX	USD		101	20260422	20260429	CLTF7
CMB	XNYM	1	FUT	70	FCMXSX	USD		496	20260422	20260429	CMBJ601
CMF	XNYM	1	FUT	70	FCMXSX	USD		231	20260422	20260429	CMFF7
CMS	XNYM	1	FUT	70	FCMXSX	USD		143	20260422	20260429	CMSF7
CNB	XCME	4	FUT	70	FFIXSX	USD		80	20260422	20260429	CNBH7
CNH	XCME	1	FUT	70	FFCXSX	CNH		42	20260422	20260429	CNHH7
COB	XCEC	1	FUT	70	FXXXSX	USD		399	20260422	20260429	COBF0
COH	XCEC	1	FUT	70	FXXXSX	USD		399	20260422	20260429	COHF0
COL	XNYM	1	FUT	70	FCMXSX	USD		330	20260422	20260429	COLJ621
CPB	XNYM	1	FUT	70	FCMXSX	USD		287	20260422	20260429	CPBJ601
CPD	XNYM	1	FUT	70	FCMXSX	USD		91	20260422	20260429	CPDF7
CPO	XCME	1	FUT	70	FCAXSX	USD		427	20260422	20260429	CPOF0
CPP	XNYM	1	FUT	70	FCMXSX	USD		343	20260422	20260429	CPPF0
CPV	XCME	1	FUT	70	FCAXSX	USD		420	20260422	20260429	CPVF0
CRB	XNYM	1	FUT	70	FCMXSX	USD		259	20260422	20260429	CRBF7
CS1	XNYM	1	FUT	70	FCMXSX	USD		231	20260422	20260429	CS1F7
CS2	XNYM	1	FUT	70	FCMXSX	USD		231	20260422	20260429	CS2F7
CS3	XNYM	1	FUT	70	FCMXSX	USD		231	20260422	20260429	CS3F7
CS4	XNYM	1	FUT	70	FCMXSX	USD		231	20260422	20260429	CS4F7
CS5	XNYM	1	FUT	70	FCMXSX	USD		231	20260422	20260429	CS5F7
CS6	XNYM	1	FUT	70	FCMXSX	USD		245	20260422	20260429	CS6F7
CSC	XCME	1	FUT	70	FCAXSX	USD		175	20260422	20260429	CSCF7
CSX	XNYM	1	FUT	70	FCMXSX	USD		735	20260422	20260429	CSXF0
CU	XNYM	1	FUT	70	FCMXSX	USD		259	20260422	20260429	CUF7
CUP	XCEC	1	FUT	70	FXXXSX	USD		133	20260422	20260429	CUPF7
CUS	XCME	1	FUT	70	FCAXSX	USD		63	20260422	20260429	CUSG0
CVB	XCBT	1	FUT	70	FCAXSX	USD		49	20260422	20260429	CVBH7
CWD	XCBT	1	FUT	70	FCAXSX	USD		35	20260422	20260429	CWDH7
CWR	XCBT	1	FUT	70	FCAXSX	USD		35	20260422	20260429	CWRH7
CY	XNYM	1	FUT	70	FCMXSX	USD		651	20260422	20260429	CYF0
CYB	XCME	4	FUT	70	FFIXSX	USD		80	20260422	20260429	CYBH7
CZK	XCME	1	FUT	70	FFCXSX	USD		42	20260422	20260429	CZKH7
D0	XCME	1	FUT	70	FCAXSX	GBP		153	20260422	20260429	D0F7
D0X	XCME	1	FUT	70	FCAXSX	GBP		7	20260422	20260429	D0XH7
D0Z	XCME	1	FUT	70	FCAXSX	GBP		7	20260422	20260429	D0ZG7
D1	XCME	1	FUT	70	FCAXSX	EUR		153	20260422	20260429	D1F7
D1N	XNYM	1	FUT	70	FCMXSX	USD		147	20260422	20260429	D1NF7
D1X	XCME	1	FUT	70	FCAXSX	EUR		7	20260422	20260429	D1XH7
D1Z	XCME	1	FUT	70	FCAXSX	EUR		7	20260422	20260429	D1ZG7
D2	XCME	1	FUT	70	FCAXSX	EUR		153	20260422	20260429	D2F7
D2L	XNYM	1	FUT	70	FCMXSX	USD		476	20260422	20260429	D2LF0
D2X	XCME	1	FUT	70	FCAXSX	EUR		7	20260422	20260429	D2XH7
D2Z	XCME	1	FUT	70	FCAXSX	EUR		7	20260422	20260429	D2ZG7
D3L	XNYM	1	FUT	70	FCMXSX	USD		476	20260422	20260429	D3LF0
D4	XCME	1	FUT	70	FCAXSX	EUR		153	20260422	20260429	D4F7
D4L	XNYM	1	FUT	70	FCMXSX	USD		476	20260422	20260429	D4LF0
D4X	XCME	1	FUT	70	FCAXSX	EUR		7	20260422	20260429	D4XH7
D4Z	XCME	1	FUT	70	FCAXSX	EUR		7	20260422	20260429	D4ZG7
DAB	XNYM	1	FUT	70	FCMXSX	USD		301	20260422	20260429	DABF7
DAX	XNYM	1	FUT	70	FCMXSX	USD		476	20260422	20260429	DAXF0
DAZ	XNYM	1	FUT	70	FCMXSX	USD		396	20260422	20260429	DAZJ621
DBB	XNYM	1	FUT	70	FCMXSX	USD		588	20260422	20260429	DBBJ601
DBL	XNYM	1	FUT	70	FCMXSX	USD		231	20260422	20260429	DBLF7
DBT	XNYM	1	FUT	70	FCMXSX	USD		588	20260422	20260429	DBTJ601
DBZ	XNYM	1	FUT	70	FCMXSX	USD		183	20260422	20260429	DBZJ620
DC	XCME	1	FUT	70	FCAXSX	USD		175	20260422	20260429	DCF7
DCB	XNYM	1	FUT	70	FCMXSX	USD		483	20260422	20260429	DCBF0
DCL	XNYM	1	FUT	70	FCMXSX	USD		330	20260422	20260429	DCLJ620
DCW	XNYM	1	FUT	70	FCMXSX	USD		483	20260422	20260429	DCWF0
DEB	XNYM	1	FUT	70	FCMXSX	EUR		399	20260422	20260429	DEBF0
DEN	XCME	1	FUT	70	FCAXSX	USD		63	20260422	20260429	DENG0
DEP	XNYM	1	FUT	70	FCMXSX	EUR		231	20260422	20260429	DEPF7
DFN	XCBT	1	FUT	70	FCAXSX	USD		91	20260422	20260429	DFNF7
DHA	XNYM	1	FUT	70	FCMXSX	USD		403	20260422	20260429	DHAJ620
DHB	XCBT	1	FUT	70	FFDXSX	USD		21	20260422	20260429	DHBM6
DHY	XCBT	1	FUT	70	FFDXSX	USD		21	20260422	20260429	DHYM6
DLB	XCBT	1	FUT	70	FFDXSX	USD		21	20260422	20260429	DLBM6
DLBT	XCBT	1	FUT	70	FFDXSX	USD		21	20260422	20260429	DLBTM6
DRS	XCBT	1	FUT	70	FCAXSX	USD		42	20260422	20260429	DRSH7
DRT	XCBT	4	FUT	70	FFIXSX	USD		42	20260422	20260429	DRTH7
DTF	XNYM	1	FUT	70	FCMXSX	EUR		469	20260422	20260429	DTFJ621
DTH	XNYM	1	FUT	70	FCMXSX	EUR		469	20260422	20260429	DTHJ621
DVE	XCME	4	FUT	70	FFIXSX	EUR		35	20260422	20260429	DVEH7
DVT	XCME	4	FUT	70	FFIXSX	EUR		35	20260422	20260429	DVTH7
DY	XCME	1	FUT	70	FCAXSX	USD		175	20260422	20260429	DYF7
E1S	XCBT	1	FUT	70	FFDXSX	USD		14	20260422	20260429	E1SM6
E3G	XCME	4	FUT	70	FFIXSX	EUR		35	20260422	20260429	E3GH7
E3T	XCME	4	FUT	70	FFIXSX	EUR		35	20260422	20260429	E3TH7
E6	XNYM	1	FUT	70	FCMXSX	USD		588	20260422	20260429	E6J601
E6M	XNYM	1	FUT	70	FCMXSX	USD		588	20260422	20260429	E6MJ601
E7	XCME	1	FUT	70	FFCXSX	USD		14	20260422	20260429	E7M6
E9X	XNYM	1	FUT	70	FCMXSX	USD		476	20260422	20260429	E9XF0
EAA	XNYM	1	FUT	70	FCMXSX	USD		476	20260422	20260429	EAAF0
EAB	XNYM	1	FUT	70	FCMXSX	USD		476	20260422	20260429	EABF0
EAC	XNYM	1	FUT	70	FCMXSX	USD		476	20260422	20260429	EACF0
EAD	XCME	1	FUT	70	FFCXSX	AUD		42	20260422	20260429	EADH7
EAE	XNYM	1	FUT	70	FCMXSX	USD		469	20260422	20260429	EAEJ621
EAW	XNYM	1	FUT	70	FCMXSX	USD		330	20260422	20260429	EAWJ621
EBE	XNYM	1	FUT	70	FCMXSX	USD		588	20260422	20260429	EBEJ601
ECD	XCME	1	FUT	70	FFCXSX	CAD		42	20260422	20260429	ECDH7
ECF	XNYM	1	FUT	70	FCMXSX	EUR		273	20260422	20260429	ECFF7
ECK	XCME	1	FUT	70	FFCXSX	EUR		42	20260422	20260429	ECKH7
EDP	XCEC	1	FUT	70	FXXXSX	USD		315	20260422	20260429	EDPF7
EFF	XNYM	1	FUT	70	FCMXSX	USD		588	20260422	20260429	EFFJ601
EFM	XNYM	1	FUT	70	FCMXSX	USD		483	20260422	20260429	EFMF0
EGB	XNYM	1	FUT	70	FCMXSX	USD		588	20260422	20260429	EGBJ601
EGN	XNYM	1	FUT	70	FCMXSX	USD		315	20260422	20260429	EGNF7
EGT	XCME	4	FUT	70	FFIXSX	USD		35	20260422	20260429	EGTH7
EHB	XNYM	1	FUT	70	FCMXSX	EUR		441	20260422	20260429	EHBK601
EHF	XCME	1	FUT	70	FFCXSX	EUR		42	20260422	20260429	EHFH7
EHL	XNYM	1	FUT	70	FCMXSX	EUR		252	20260422	20260429	EHLF7
EHR	XCEC	1	FUT	70	FXXXSX	EUR		231	20260422	20260429	EHRF7
EI	XCME	4	FUT	70	FFIXSX	USD		35	20260422	20260429	EIH7
EIT	XCME	4	FUT	70	FFIXSX	USD		35	20260422	20260429	EITH7
EJL	XNYM	1	FUT	70	FCMXSX	USD		476	20260422	20260429	EJLF0
EL	XNYM	1	FUT	70	FCMXSX	USD		175	20260422	20260429	ELF7
EL1	XNYM	1	FUT	70	FCMXSX	USD		171	20260422	20260429	EL1F7
EMB	XCME	4	FUT	70	FFIXSX	USD		80	20260422	20260429	EMBH7
EMC	XNYM	1	FUT	70	FCMXSX	USD		169	20260422	20260429	EMCJ620
EMT	XCME	4	FUT	70	FFIXSX	USD		35	20260422	20260429	EMTH7
EN	XNYM	1	FUT	70	FCMXSX	USD		315	20260422	20260429	ENF7
ENB	XCME	4	FUT	70	FFIXSX	USD		80	20260422	20260429	ENBH7
ENK	XCME	1	FUT	70	FFCXSX	NOK		42	20260422	20260429	ENKH7
ENP	XNYM	1	FUT	70	FCMXSX	USD		469	20260422	20260429	ENPJ621
ENS	XNYM	1	FUT	70	FCMXSX	USD		483	20260422	20260429	ENSF0
ENY	XCME	4	FUT	70	FFIXSX	JPY		28	20260422	20260429	ENYH7
ENZ	XCME	1	FUT	70	FFCXSX	NZD		42	20260422	20260429	ENZH7
EO1	XNYM	1	FUT	70	FCMXSX	USD		171	20260422	20260429	EO1F7
EOB	XNYM	1	FUT	70	FCMXSX	USD		315	20260422	20260429	EOBF7
EP1	XNYM	1	FUT	70	FCMXSX	USD		171	20260422	20260429	EP1F7
EPN	XNYM	1	FUT	70	FCMXSX	USD		315	20260422	20260429	EPNF7
EPZ	XCME	1	FUT	70	FFCXSX	EUR		42	20260422	20260429	EPZH7
EQ1	XCME	4	FUT	70	FFIXSX	USD		21	20260422	20260429	EQ1K615
ERL	XNYM	1	FUT	70	FCMXSX	USD		476	20260422	20260429	ERLF0
ES1	XCME	4	FUT	70	FFIXSX	USD		164	20260422	20260429	ES1J621
ES2	XCME	4	FUT	70	FFIXSX	USD		122	20260422	20260429	ES2J621
ESB	XNYM	1	FUT	70	FCMXSX	USD		588	20260422	20260429	ESBJ601
ESG	XCME	4	FUT	70	FFIXSX	USD		35	20260422	20260429	ESGH7
ESK	XCME	1	FUT	70	FFCXSX	SEK		42	20260422	20260429	ESKH7
ESQ	XCME	4	FUT	70	FFIXSX	USD		147	20260422	20260429	ESQH0
ESR	XCME	1	FUT	70	FFDXSX	EUR		119	20260422	20260429	ESRG6
ESS	XNYM	1	FUT	70	FCMXSX	USD		588	20260422	20260429	ESSJ601
EST	XCME	4	FUT	70	FFIXSX	USD		147	20260422	20260429	ESTH0
ESX	XCME	4	FUT	70	FFIXSX	USD		7	20260422	20260429	ESXM6
ETB	XCME	4	FUT	70	FFIXSX	USD		80	20260422	20260429	ETBH7
EUB	XNYM	1	FUT	70	FCMXSX	USD		330	20260422	20260429	EUBJ621
EUS	XCME	1	FUT	70	FFDXSX	EUR		98	20260422	20260429	EUSH7
EVC	XNYM	1	FUT	70	FCMXSX	USD		483	20260422	20260429	EVCF0
EWB	XNYM	1	FUT	70	FCMXSX	USD		588	20260422	20260429	EWBJ601
EWF	XCME	4	FUT	70	FFIXSX	USD		35	20260422	20260429	EWFH7
EWFT	XCME	4	FUT	70	FFIXSX	USD		35	20260422	20260429	EWFTH7
EWG	XNYM	1	FUT	70	FCMXSX	USD		315	20260422	20260429	EWGF7
EWN	XNYM	1	FUT	70	FCMXSX	USD		259	20260422	20260429	EWNF7
EXR	XNYM	1	FUT	70	FCMXSX	USD		315	20260422	20260429	EXRF7
EYB	XCME	4	FUT	70	FFIXSX	USD		80	20260422	20260429	EYBH7
F1S	XCBT	1	FUT	70	FFDXSX	USD		14	20260422	20260429	F1SM6
F3	XNYM	1	FUT	70	FCMXSX	USD		588	20260422	20260429	F3J601
FAL	XNYM	1	FUT	70	FCMXSX	USD		469	20260422	20260429	FALJ621
FBD	XNYM	1	FUT	70	FCMXSX	USD		175	20260422	20260429	FBDF7
FBT	XNYM	1	FUT	70	FCMXSX	USD		147	20260422	20260429	FBTF7
FCB	XNYM	1	FUT	70	FCMXSX	USD		588	20260422	20260429	FCBJ601
FCN	XNYM	1	FUT	70	FCMXSX	USD		330	20260422	20260429	FCNJ620
FEF	XNYM	1	FUT	70	FCMXSX	CAD		476	20260422	20260429	FEFF0
FEW	XNYM	1	FUT	70	FCMXSX	USD		483	20260422	20260429	FEWF0
FL	XNYM	1	FUT	70	FCMXSX	USD		231	20260422	20260429	FLF7
FLB	XNYM	1	FUT	70	FCMXSX	USD		273	20260422	20260429	FLBJ601
FLJ	XNYM	1	FUT	70	FCMXSX	USD		231	20260422	20260429	FLJF7
FLP	XNYM	1	FUT	70	FCMXSX	USD		231	20260422	20260429	FLPF7
FO	XNYM	1	FUT	70	FCMXSX	USD		399	20260422	20260429	FOF0
FOA	XNYM	1	FUT	70	FCMXSX	USD		588	20260422	20260429	FOAJ601
FOM	XNYM	1	FUT	70	FCMXSX	USD		588	20260422	20260429	FOMJ601
FOR	XNYM	1	FUT	70	FCMXSX	USD		330	20260422	20260429	FORJ620
FRC	XNYM	1	FUT	70	FCMXSX	USD		483	20260422	20260429	FRCF0
FRS	XNYM	1	FUT	70	FCMXSX	USD		175	20260422	20260429	FRSF7
FSF	XCEC	1	FUT	70	FXXXSX	USD		175	20260422	20260429	FSFF7
FSS	XNYM	1	FUT	70	FCMXSX	USD		371	20260422	20260429	FSSF0
FT5	XCME	4	FUT	70	FFIXSX	USD		49	20260422	20260429	FT5H7
FTC	XCME	4	FUT	70	FFIXSX	USD		49	20260422	20260429	FTCH7
FTL	XNYM	1	FUT	70	FCMXSX	USD		476	20260422	20260429	FTLJ620
FVB	XNYM	1	FUT	70	FCMXSX	USD		399	20260422	20260429	FVBF0
G0	XCME	1	FUT	70	FCAXSX	GBP		153	20260422	20260429	G0J6
G02	XCME	1	FUT	70	FCAXSX	GBP		7	20260422	20260429	G02M6
G0K	XCME	1	FUT	70	FCAXSX	GBP		7	20260422	20260429	G0KU6
G0N	XCME	1	FUT	70	FCAXSX	GBP		7	20260422	20260429	G0NQ6
G1	XCME	1	FUT	70	FCAXSX	EUR		153	20260422	20260429	G1J6
G12	XCME	1	FUT	70	FCAXSX	EUR		7	20260422	20260429	G12M6
G1K	XCME	1	FUT	70	FCAXSX	EUR		7	20260422	20260429	G1KU6
G1N	XCME	1	FUT	70	FCAXSX	EUR		7	20260422	20260429	G1NQ6
G2	XCME	1	FUT	70	FCAXSX	EUR		153	20260422	20260429	G2J6
G22	XCME	1	FUT	70	FCAXSX	EUR		7	20260422	20260429	G22M6
G2K	XCME	1	FUT	70	FCAXSX	EUR		7	20260422	20260429	G2KU6
G2N	XCME	1	FUT	70	FCAXSX	EUR		7	20260422	20260429	G2NQ6
G4	XCME	1	FUT	70	FCAXSX	EUR		153	20260422	20260429	G4J6
G42	XCME	1	FUT	70	FCAXSX	EUR		7	20260422	20260429	G42M6
G4K	XCME	1	FUT	70	FCAXSX	EUR		7	20260422	20260429	G4KU6
G4N	XCME	1	FUT	70	FCAXSX	EUR		7	20260422	20260429	G4NQ6
G6	XCME	1	FUT	70	FCAXSX	JPY		91	20260422	20260429	G6F7
G62	XCME	1	FUT	70	FCAXSX	JPY		7	20260422	20260429	G62M6
G6K	XCME	1	FUT	70	FCAXSX	JPY		7	20260422	20260429	G6KU6
G6N	XCME	1	FUT	70	FCAXSX	JPY		7	20260422	20260429	G6NQ6
G6X	XCME	1	FUT	70	FCAXSX	JPY		7	20260422	20260429	G6XH7
G6Z	XCME	1	FUT	70	FCAXSX	JPY		7	20260422	20260429	G6ZG7
GBB	XNYM	1	FUT	70	FCMXSX	USD		287	20260422	20260429	GBBJ601
GBR	XNYM	1	FUT	70	FCMXSX	USD		330	20260422	20260429	GBRJ620
GCB	XNYM	1	FUT	70	FCMXSX	USD		273	20260422	20260429	GCBJ601
GCC	XNYM	1	FUT	70	FCMXSX	USD		259	20260422	20260429	GCCF7
GCD	XCEC	1	FUT	70	FXXXSX	USD		7	20260422	20260429	GCDM6
GCG	XNYM	1	FUT	70	FCMXSX	USD		259	20260422	20260429	GCGF7
GCI	XNYM	1	FUT	70	FCMXSX	USD		259	20260422	20260429	GCIF7
GCM	XNYM	1	FUT	70	FCMXSX	USD		259	20260422	20260429	GCMF7
GCT	XCEC	1	FUT	70	FXXXSX	USD		35	20260422	20260429	GCTG7
GCU	XNYM	1	FUT	70	FCMXSX	USD		259	20260422	20260429	GCUF7
GD	XCME	1	FUT	70	FCAXSX	USD		21	20260422	20260429	GDK6
GDK	XCME	1	FUT	70	FCAXSX	USD		175	20260422	20260429	GDKF7
GDL	XNYM	1	FUT	70	FCMXSX	USD		231	20260422	20260429	GDLF7
GDT	XCME	4	FUT	70	FFIXSX	USD		21	20260422	20260429	GDTK6
GEO	XNYM	1	FUT	70	FCMXSX	USD		63	20260422	20260429	GEOJ6
GES	XNYM	1	FUT	70	FCMXSX	USD		315	20260422	20260429	GESF7
GFC	XNYM	1	FUT	70	FCMXSX	USD		287	20260422	20260429	GFCJ601
GFT	XCME	1	FUT	70	FCAXSX	USD		21	20260422	20260429	GFTK6
GIE	XCME	1	FUT	70	FCAXSX	USD		42	20260422	20260429	GIEH7
GIT	XCME	4	FUT	70	FFIXSX	USD		42	20260422	20260429	GITH7
GKS	XNYM	1	FUT	70	FCMXSX	USD		259	20260422	20260429	GKSF7
GMB	XNYM	1	FUT	70	FCMXSX	USD		588	20260422	20260429	GMBJ601
GMS	XNYM	1	FUT	70	FCMXSX	USD		315	20260422	20260429	GMSF7
GNB	XNYM	1	FUT	70	FCMXSX	USD		588	20260422	20260429	GNBJ601
GNF	XCME	1	FUT	70	FCAXSX	USD		175	20260422	20260429	GNFF7
GNL	XNYM	1	FUT	70	FCMXSX	USD		330	20260422	20260429	GNLJ621
GNO	XNYM	1	FUT	70	FCMXSX	USD		315	20260422	20260429	GNOF7
GNS	XNYM	1	FUT	70	FCMXSX	USD		399	20260422	20260429	GNSF0
GOC	XNYM	1	FUT	70	FCMXSX	USD		567	20260422	20260429	GOCF0
GSW	XNYM	1	FUT	70	FCMXSX	USD		304	20260422	20260429	GSWF7
GUD	XNYM	1	FUT	70	FCMXSX	USD		294	20260422	20260429	GUDJ601
GWT	XNYM	1	FUT	70	FCMXSX	USD		304	20260422	20260429	GWTF7
GY	XNYM	1	FUT	70	FCMXSX	USD		315	20260422	20260429	GYF7
GZ	XNYM	1	FUT	70	FCMXSX	USD		567	20260422	20260429	GZF0
H0	XCME	1	FUT	70	FCAXSX	USD		154	20260422	20260429	H0F7
H0X	XCME	1	FUT	70	FCAXSX	USD		7	20260422	20260429	H0XH7
H0Z	XCME	1	FUT	70	FCAXSX	USD		7	20260422	20260429	H0ZG7
H1	XCME	1	FUT	70	FCAXSX	USD		154	20260422	20260429	H1F7
H1X	XCME	1	FUT	70	FCAXSX	USD		7	20260422	20260429	H1XH7
H1Z	XCME	1	FUT	70	FCAXSX	USD		7	20260422	20260429	H1ZG7
H2	XCME	1	FUT	70	FCAXSX	USD		154	20260422	20260429	H2F7
H2L	XNYM	1	FUT	70	FCMXSX	USD		476	20260422	20260429	H2LF0
H2O	XCME	4	FUT	70	FFIXSX	USD		70	20260422	20260429	H2OH7
H2X	XCME	1	FUT	70	FCAXSX	USD		7	20260422	20260429	H2XH7
H2Z	XCME	1	FUT	70	FCAXSX	USD		7	20260422	20260429	H2ZG7
H3	XCME	1	FUT	70	FCAXSX	USD		154	20260422	20260429	H3F7
H3X	XCME	1	FUT	70	FCAXSX	USD		7	20260422	20260429	H3XH7
H3Z	XCME	1	FUT	70	FCAXSX	USD		7	20260422	20260429	H3ZG7
H4	XCME	1	FUT	70	FCAXSX	USD		154	20260422	20260429	H4F7
H4X	XCME	1	FUT	70	FCAXSX	USD		7	20260422	20260429	H4XH7
H4Z	XCME	1	FUT	70	FCAXSX	USD		7	20260422	20260429	H4ZG7
H5	XCME	1	FUT	70	FCAXSX	USD		154	20260422	20260429	H5F7
H5B	XNYM	1	FUT	70	FCMXSX	USD		455	20260422	20260429	H5BJ601
H5F	XNYM	1	FUT	70	FCMXSX	USD		315	20260422	20260429	H5FF7
H5G	XNYM	1	FUT	70	FCMXSX	USD		315	20260422	20260429	H5GF7
H5L	XNYM	1	FUT	70	FCMXSX	USD		476	20260422	20260429	H5LF0
H5X	XCME	1	FUT	70	FCAXSX	USD		7	20260422	20260429	H5XH7
H5Z	XCME	1	FUT	70	FCAXSX	USD		7	20260422	20260429	H5ZG7
H6	XCME	1	FUT	70	FCAXSX	USD		154	20260422	20260429	H6F7
H6X	XCME	1	FUT	70	FCAXSX	USD		7	20260422	20260429	H6XH7
H6Z	XCME	1	FUT	70	FCAXSX	USD		7	20260422	20260429	H6ZG7
H7	XCME	1	FUT	70	FCAXSX	USD		154	20260422	20260429	H7F7
H7X	XCME	1	FUT	70	FCAXSX	USD		7	20260422	20260429	H7XH7
H7Z	XCME	1	FUT	70	FCAXSX	USD		7	20260422	20260429	H7ZG7
HBX	XNYM	1	FUT	70	FCMXSX	USD		304	20260422	20260429	HBXF7
HCS	XNYM	1	FUT	70	FCMXSX	USD		84	20260422	20260429	HCSM0
HDG	XCEC	1	FUT	70	FXXXSX	USD		315	20260422	20260429	HDGF7
HET	XCME	1	FUT	70	FCAXSX	USD		35	20260422	20260429	HETM6
HG0	XCEC	1	FUT	70	FXXXSX	USD		14	20260422	20260429	HG0J6
HGB	XNYM	1	FUT	70	FCMXSX	USD		455	20260422	20260429	HGBJ601
HGF	XCEC	1	FUT	70	FXXXSX	USD		14	20260422	20260429	HGFK6
HGS	XCEC	1	FUT	70	FXXXSX	USD		329	20260422	20260429	HGSF7
HGT	XCEC	1	FUT	70	FXXXSX	USD		42	20260422	20260429	HGTH7
HH	XNYM	1	FUT	70	FCMXSX	USD		1064	20260422	20260429	HHF30
HHT	XNYM	1	FUT	70	FCMXSX	USD		28	20260422	20260429	HHTK6
HHW	XNYM	1	FUT	70	FCMXSX	USD		184	20260422	20260429	HHWJ624
HIA	XNYM	1	FUT	70	FCMXSX	USD		315	20260422	20260429	HIAF7
HIL	XNYM	1	FUT	70	FCMXSX	USD		651	20260422	20260429	HILF0
HJC	XNYM	1	FUT	70	FCMXSX	USD		231	20260422	20260429	HJCF7
HLT	XNYM	1	FUT	70	FCMXSX	USD		304	20260422	20260429	HLTF7
HOA	XNYM	1	FUT	70	FCMXSX	USD		476	20260422	20260429	HOAF0
HOB	XNYM	1	FUT	70	FCMXSX	USD		315	20260422	20260429	HOBF7
HOL	XNYM	1	FUT	70	FCMXSX	USD		28	20260422	20260429	HOLK6
HOT	XNYM	1	FUT	70	FCMXSX	USD		56	20260422	20260429	HOTK6
HP	XNYM	1	FUT	70	FCMXSX	USD		476	20260422	20260429	HPF0
HPD	XNYM	1	FUT	70	FCMXSX	USD		294	20260422	20260429	HPDJ601
HPE	XNYM	1	FUT	70	FCMXSX	USD		175	20260422	20260429	HPEF7
HQ	XCME	1	FUT	70	FCAXSX	USD		154	20260422	20260429	HQF7
HQX	XCME	1	FUT	70	FCAXSX	USD		7	20260422	20260429	HQXH7
HQZ	XCME	1	FUT	70	FCAXSX	USD		7	20260422	20260429	HQZG7
HR	XCME	1	FUT	70	FCAXSX	USD		154	20260422	20260429	HRF7
HRC	XCEC	1	FUT	70	FXXXSX	USD		315	20260422	20260429	HRCF7
HRP	XCEC	1	FUT	70	FXXXSX	USD		315	20260422	20260429	HRPF7
HRS	XCBT	1	FUT	70	FCAXSX	USD		56	20260422	20260429	HRSH7
HRX	XCME	1	FUT	70	FCAXSX	USD		7	20260422	20260429	HRXH7
HRZ	XCME	1	FUT	70	FCAXSX	USD		7	20260422	20260429	HRZG7
HS	XCME	1	FUT	70	FCAXSX	USD		154	20260422	20260429	HSF7
HSX	XCME	1	FUT	70	FCAXSX	USD		7	20260422	20260429	HSXH7
HSZ	XCME	1	FUT	70	FCAXSX	USD		7	20260422	20260429	HSZG7
HTA	XNYM	1	FUT	70	FCMXSX	USD		304	20260422	20260429	HTAF7
HTB	XNYM	1	FUT	70	FCMXSX	USD		357	20260422	20260429	HTBH626
HTT	XNYM	1	FUT	70	FCMXSX	USD		640	20260422	20260429	HTTF0
HUF	XCME	1	FUT	70	FFCXSX	USD		42	20260422	20260429	HUFH7
HVG	XNYM	1	FUT	70	FCMXSX	USD		315	20260422	20260429	HVGF7
HVO	XNYM	1	FUT	70	FCMXSX	USD		315	20260422	20260429	HVOF7
HW	XCME	1	FUT	70	FCAXSX	USD		154	20260422	20260429	HWF7
HWA	XNYM	1	FUT	70	FCMXSX	USD		476	20260422	20260429	HWAF0
HWX	XCME	1	FUT	70	FCAXSX	USD		7	20260422	20260429	HWXH7
HWZ	XCME	1	FUT	70	FCAXSX	USD		7	20260422	20260429	HWZG7
HYB	XCBT	1	FUT	70	FFDXSX	USD		21	20260422	20260429	HYBM6
HYBT	XCBT	1	FUT	70	FFDXSX	USD		21	20260422	20260429	HYBTM6
IBS	XNYM	1	FUT	70	FCMXSX	USD		133	20260422	20260429	IBSF7
IBV	XCME	4	FUT	70	FFIXSX	USD		28	20260422	20260429	IBVM6
IDL	XNYM	1	FUT	70	FCMXSX	USD		469	20260422	20260429	IDLJ621
IDR	XCME	1	FUT	70	FFCXSX	USD		56	20260422	20260429	IDRH7
ILS	XCME	1	FUT	70	FFCXSX	USD		42	20260422	20260429	ILSH7
IPC	XCME	4	FUT	70	FFIXSX	MXN		35	20260422	20260429	IPCH7
IPCT	XCME	4	FUT	70	FFIXSX	MXN		35	20260422	20260429	IPCTH7
IPF	XCBT	1	FUT	70	FCAXSX	USD		91	20260422	20260429	IPFF7
IPO	XCME	4	FUT	70	FFIXSX	USD		35	20260422	20260429	IPOH7
IPS	XCBT	1	FUT	70	FCAXSX	USD		28	20260422	20260429	IPSH7
IPT	XCME	4	FUT	70	FFIXSX	USD		35	20260422	20260429	IPTH7
IQB	XCBT	1	FUT	70	FFDXSX	USD		21	20260422	20260429	IQBM6
IQBT	XCBT	1	FUT	70	FFDXSX	USD		21	20260422	20260429	IQBTM6
IQL	XCBT	1	FUT	70	FFDXSX	USD		21	20260422	20260429	IQLM6
IQLT	XCBT	1	FUT	70	FFDXSX	USD		21	20260422	20260429	IQLTM6
IQS	XCBT	1	FUT	70	FFDXSX	USD		21	20260422	20260429	IQSM6
IQST	XCBT	1	FUT	70	FFDXSX	USD		21	20260422	20260429	IQSTM6
IQY	XCBT	1	FUT	70	FFDXSX	USD		21	20260422	20260429	IQYM6
IQYT	XCBT	1	FUT	70	FFDXSX	USD		21	20260422	20260429	IQYTM6
IST	XCME	4	FUT	70	FFIXSX	USD		35	20260422	20260429	ISTH7
ITB	XNYM	1	FUT	70	FCMXSX	EUR		231	20260422	20260429	ITBF7
ITP	XNYM	1	FUT	70	FCMXSX	EUR		231	20260422	20260429	ITPF7
J7	XCME	1	FUT	70	FFCXSX	USD		14	20260422	20260429	J7M6
JA	XNYM	1	FUT	70	FCMXSX	USD		259	20260422	20260429	JAF7
JBK	XNYM	1	FUT	70	FCMXSX	JPY		175	20260422	20260429	JBKF7
JBT	XNYM	1	FUT	70	FCMXSX	JPY		175	20260422	20260429	JBTF7
JCB	XNYM	1	FUT	70	FCMXSX	USD		490	20260422	20260429	JCBF0
JCC	XNYM	1	FUT	70	FCMXSX	USD		497	20260422	20260429	JCCF0
JCY	XNYM	1	FUT	70	FCMXSX	JPY		497	20260422	20260429	JCYF0
JE	XNYM	1	FUT	70	FCMXSX	USD		259	20260422	20260429	JEF7
JET	XNYM	1	FUT	70	FCMXSX	USD		315	20260422	20260429	JETF7
JFB	XNYM	1	FUT	70	FCMXSX	USD		588	20260422	20260429	JFBJ601
JFC	XNYM	1	FUT	70	FCMXSX	USD		175	20260422	20260429	JFCF7
JKB	XNYM	1	FUT	70	FCMXSX	USD		217	20260422	20260429	JKBF7
JKD	XNYM	1	FUT	70	FCMXSX	USD		147	20260422	20260429	JKDM601
JKF	XNYM	1	FUT	70	FCMXSX	USD		217	20260422	20260429	JKFF7
JKM	XNYM	1	FUT	70	FCMXSX	USD		469	20260422	20260429	JKMF0
JKY	XNYM	1	FUT	70	FCMXSX	JPY		469	20260422	20260429	JKYF0
JLC	XNYM	1	FUT	70	FCMXSX	JPY		490	20260422	20260429	JLCF0
JNC	XNYM	1	FUT	70	FCMXSX	USD		147	20260422	20260429	JNCF7
JNL	XNYM	1	FUT	70	FCMXSX	USD		330	20260422	20260429	JNLJ621
JPK	XNYM	1	FUT	70	FCMXSX	JPY		175	20260422	20260429	JPKF7
JPT	XNYM	1	FUT	70	FCMXSX	JPY		175	20260422	20260429	JPTF7
JSB	XNYM	1	FUT	70	FCMXSX	USD		595	20260422	20260429	JSBJ601
JTB	XNYM	1	FUT	70	FCMXSX	USD		287	20260422	20260429	JTBJ601
K0	XCME	1	FUT	70	FCAXSX	USD		154	20260422	20260429	K0J6
K0K	XCME	1	FUT	70	FCAXSX	USD		7	20260422	20260429	K0KU6
K0N	XCME	1	FUT	70	FCAXSX	USD		7	20260422	20260429	K0NQ6
K1	XCME	1	FUT	70	FCAXSX	USD		154	20260422	20260429	K1J6
K1K	XCME	1	FUT	70	FCAXSX	USD		7	20260422	20260429	K1KU6
K1N	XCME	1	FUT	70	FCAXSX	USD		7	20260422	20260429	K1NQ6
K2	XCME	1	FUT	70	FCAXSX	USD		154	20260422	20260429	K2J6
K2K	XCME	1	FUT	70	FCAXSX	USD		7	20260422	20260429	K2KU6
K2L	XNYM	1	FUT	70	FCMXSX	USD		476	20260422	20260429	K2LF0
K2N	XCME	1	FUT	70	FCAXSX	USD		7	20260422	20260429	K2NQ6
K3	XCME	1	FUT	70	FCAXSX	USD		154	20260422	20260429	K3J6
K3K	XCME	1	FUT	70	FCAXSX	USD		7	20260422	20260429	K3KU6
K3L	XNYM	1	FUT	70	FCMXSX	USD		476	20260422	20260429	K3LF0
K3N	XCME	1	FUT	70	FCAXSX	USD		7	20260422	20260429	K3NQ6
K4	XCME	1	FUT	70	FCAXSX	USD		154	20260422	20260429	K4J6
K4K	XCME	1	FUT	70	FCAXSX	USD		7	20260422	20260429	K4KU6
K4L	XNYM	1	FUT	70	FCMXSX	USD		476	20260422	20260429	K4LF0
K4N	XCME	1	FUT	70	FCAXSX	USD		7	20260422	20260429	K4NQ6
K5	XCME	1	FUT	70	FCAXSX	USD		154	20260422	20260429	K5J6
K5K	XCME	1	FUT	70	FCAXSX	USD		7	20260422	20260429	K5KU6
K5N	XCME	1	FUT	70	FCAXSX	USD		7	20260422	20260429	K5NQ6
K6	XCME	1	FUT	70	FCAXSX	USD		154	20260422	20260429	K6J6
K6K	XCME	1	FUT	70	FCAXSX	USD		7	20260422	20260429	K6KU6
K6N	XCME	1	FUT	70	FCAXSX	USD		7	20260422	20260429	K6NQ6
K7	XCME	1	FUT	70	FCAXSX	USD		154	20260422	20260429	K7J6
K7K	XCME	1	FUT	70	FCAXSX	USD		7	20260422	20260429	K7KU6
K7N	XCME	1	FUT	70	FCAXSX	USD		7	20260422	20260429	K7NQ6
KET	XCBT	1	FUT	70	FCAXSX	USD		35	20260422	20260429	KETH7
KP	XCME	1	FUT	70	FCAXSX	USD		154	20260422	20260429	KPJ6
KPK	XCME	1	FUT	70	FCAXSX	USD		7	20260422	20260429	KPKU6
KPN	XCME	1	FUT	70	FCAXSX	USD		7	20260422	20260429	KPNQ6
KQ	XCME	1	FUT	70	FCAXSX	USD		154	20260422	20260429	KQJ6
KQK	XCME	1	FUT	70	FCAXSX	USD		7	20260422	20260429	KQKU6
KQN	XCME	1	FUT	70	FCAXSX	USD		7	20260422	20260429	KQNQ6
KR	XCME	1	FUT	70	FCAXSX	USD		154	20260422	20260429	KRJ6
KRK	XCME	1	FUT	70	FCAXSX	USD		7	20260422	20260429	KRKU6
KRN	XCME	1	FUT	70	FCAXSX	USD		7	20260422	20260429	KRNQ6
KRW	XCME	1	FUT	70	FFCXSX	USD		108	20260422	20260429	KRWF7
KS	XCME	1	FUT	70	FCAXSX	USD		154	20260422	20260429	KSJ6
KSK	XCME	1	FUT	70	FCAXSX	USD		7	20260422	20260429	KSKU6
KSN	XCME	1	FUT	70	FCAXSX	USD		7	20260422	20260429	KSNQ6
KT	XNYM	1	FUT	70	FCAXSX	USD		66	20260422	20260429	KTH7
KW	XCME	1	FUT	70	FCAXSX	USD		154	20260422	20260429	KWJ6
KWD	XCBT	1	FUT	70	FCAXSX	USD		35	20260422	20260429	KWDH7
KWK	XCME	1	FUT	70	FCAXSX	USD		7	20260422	20260429	KWKU6
KWN	XCME	1	FUT	70	FCAXSX	USD		7	20260422	20260429	KWNQ6
LAF	XNYM	1	FUT	70	FCMXSX	CAD		476	20260422	20260429	LAFJ620
LAP	XNYM	1	FUT	70	FCMXSX	CAD		403	20260422	20260429	LAPJ620
LAV	XCME	1	FUT	70	FCAXSX	USD		63	20260422	20260429	LAVG0
LAX	XCME	1	FUT	70	FCAXSX	USD		63	20260422	20260429	LAXG0
LBR	XCME	1	FUT	70	FCAXSX	USD		49	20260422	20260429	LBRF7
LBU	XNYM	1	FUT	70	FCMXSX	USD		91	20260422	20260429	LBUF7
LCS	XNYM	1	FUT	70	FCXXSX	USD		161	20260422	20260429	LCSF7
LED	XCEC	1	FUT	70	FXXXSX	USD		91	20260422	20260429	LEDF7
LEL	XNYM	1	FUT	70	FCMXSX	USD		294	20260422	20260429	LELJ601
LET	XCME	1	FUT	70	FCAXSX	USD		35	20260422	20260429	LETG7
LHV	XNYM	1	FUT	70	FCMXSX	USD		210	20260422	20260429	LHVF7
LL	XNYM	1	FUT	70	FCMXSX	USD		259	20260422	20260429	LLF7
LNB	XCME	4	FUT	70	FFIXSX	USD		80	20260422	20260429	LNBH7
LNG	XNYM	1	FUT	70	FCMXSX	USD		728	20260422	20260429	LNG1F7
LP	XCME	1	FUT	70	FCAXSX	USD		154	20260422	20260429	LPF7
LPE	XNYM	1	FUT	70	FCMXSX	USD		175	20260422	20260429	LPEF7
LPX	XCME	1	FUT	70	FCAXSX	USD		7	20260422	20260429	LPXH7
LPZ	XCME	1	FUT	70	FCAXSX	USD		7	20260422	20260429	LPZG7
LSW	XNYM	1	FUT	70	FCMXSX	USD		469	20260422	20260429	LSWF0
LT	XNYM	1	FUT	70	FCMXSX	USD		315	20260422	20260429	LTF7
LTC	XCEC	1	FUT	70	FXXXSX	USD		231	20260422	20260429	LTCF7
LTH	XCEC	1	FUT	70	FXXXSX	USD		231	20260422	20260429	LTHF7
LYB	XCME	4	FUT	70	FFIXSX	USD		80	20260422	20260429	LYBH7
M1B	XNYM	1	FUT	70	FCMXSX	USD		259	20260422	20260429	M1BF7
M35	XNYM	1	FUT	70	FCMXSX	USD		259	20260422	20260429	M35F7
MAA	XNYM	1	FUT	70	FCMXSX	USD		91	20260422	20260429	MAAF7
MAB	XNYM	1	FUT	70	FCMXSX	USD		315	20260422	20260429	MABF7
MAC	XNYM	1	FUT	70	FCMXSX	USD		315	20260422	20260429	MACF7
MAE	XNYM	1	FUT	70	FCMXSX	USD		259	20260422	20260429	MAEF7
MAF	XNYM	1	FUT	70	FCMXSX	USD		483	20260422	20260429	MAFF0
MAS	XNYM	1	FUT	70	FCMXSX	USD		259	20260422	20260429	MASF7
MBA	XNYM	1	FUT	70	FCMXSX	USD		140	20260422	20260429	MBAF7
MBB	XNYM	1	FUT	70	FCMXSX	USD		287	20260422	20260429	MBBJ601
MBC	XNYM	1	FUT	70	FCMXSX	USD		567	20260422	20260429	MBCF0
MBE	XNYM	1	FUT	70	FCMXSX	USD		231	20260422	20260429	MBEF7
MBL	XNYM	1	FUT	70	FCMXSX	USD		315	20260422	20260429	MBLF7
MBM	XNYM	1	FUT	70	FCMXSX	USD		304	20260422	20260429	MBMF7
MBO	XNYM	1	FUT	70	FCMXSX	USD		588	20260422	20260429	MBOJ601
MBR	XNYM	1	FUT	70	FCMXSX	USD		231	20260422	20260429	MBRF7
MBS	XNYM	1	FUT	70	FCMXSX	USD		595	20260422	20260429	MBSJ601
MCB	XNYM	1	FUT	70	FCMXSX	USD		588	20260422	20260429	MCBJ601
MCD	XCME	1	FUT	70	FFCXSX	USD		14	20260422	20260429	MCDM6
MCE	XNYM	1	FUT	70	FCMXSX	USD		588	20260422	20260429	MCEJ601
MCF	XNYM	1	FUT	70	FCMXSX	USD		315	20260422	20260429	MCFF7
MCN	XNYM	1	FUT	70	FCMXSX	USD		588	20260422	20260429	MCNJ601
MCS	XNYM	1	FUT	70	FCMXSX	USD		315	20260422	20260429	MCSF7
MCT	XNYM	1	FUT	70	FCMXSX	USD		87	20260422	20260429	MCTF7
MDB	XNYM	1	FUT	70	FCMXSX	USD		315	20260422	20260429	MDBF7
ME	XNYM	1	FUT	70	FCMXSX	USD		315	20260422	20260429	MEF7
MEB	XNYM	1	FUT	70	FCMXSX	USD		588	20260422	20260429	MEBJ601
MEE	XNYM	1	FUT	70	FCMXSX	USD		588	20260422	20260429	MEEJ601
MEF	XNYM	1	FUT	70	FCMXSX	USD		483	20260422	20260429	MEFF0
MEO	XNYM	1	FUT	70	FCMXSX	USD		315	20260422	20260429	MEOF7
MEW	XNYM	1	FUT	70	FCMXSX	USD		483	20260422	20260429	MEWF0
MFB	XNYM	1	FUT	70	FCMXSX	USD		371	20260422	20260429	MFBF0
MFC	XCBT	1	FUT	70	FCAXSX	USD		91	20260422	20260429	MFCF7
MFD	XNYM	1	FUT	70	FCMXSX	USD		259	20260422	20260429	MFDF7
MFP	XNYM	1	FUT	70	FCMXSX	USD		231	20260422	20260429	MFPF7
MFR	XNYM	1	FUT	70	FCMXSX	USD		315	20260422	20260429	MFRF7
MFV	XCBT	1	FUT	70	FCAXSX	USD		91	20260422	20260429	MFVF7
MGB	XNYM	1	FUT	70	FCMXSX	USD		231	20260422	20260429	MGBF7
MGE	XCBT	1	FUT	70	FFDXSX	USD		43	20260422	20260429	MGEK6
MGF	XNYM	1	FUT	70	FCMXSX	USD		231	20260422	20260429	MGFF7
MGH	XNYM	1	FUT	70	FCMXSX	USD		259	20260422	20260429	MGHF7
MGN	XNYM	1	FUT	70	FCMXSX	USD		231	20260422	20260429	MGNF7
MGS	XNYM	1	FUT	70	FCMXSX	USD		595	20260422	20260429	MGSJ601
MGT	XCEC	1	FUT	70	FXXXSX	USD		35	20260422	20260429	MGTG7
MH	XNYM	1	FUT	70	FCMXSX	USD		259	20260422	20260429	MHF7
MHE	XNYM	1	FUT	70	FCMXSX	USD		84	20260422	20260429	MHEF7
MHO	XNYM	1	FUT	70	FCMXSX	USD		91	20260422	20260429	MHOF7
MHT	XCEC	1	FUT	70	FXXXSX	USD		42	20260422	20260429	MHTH7
MIA	XCME	1	FUT	70	FCAXSX	USD		63	20260422	20260429	MIAG0
MIB	XCME	4	FUT	70	FFIXSX	USD		80	20260422	20260429	MIBH7
MIP	XNYM	1	FUT	70	FCMXSX	USD		242	20260422	20260429	MIPJ621
MIR	XCME	1	FUT	70	FFCXSX	USD		91	20260422	20260429	MIRF7
MJB	XNYM	1	FUT	70	FCMXSX	USD		231	20260422	20260429	MJBF7
MJC	XNYM	1	FUT	70	FCMXSX	USD		231	20260422	20260429	MJCF7
MJN	XNYM	1	FUT	70	FCMXSX	USD		259	20260422	20260429	MJNF7
MJP	XCEC	1	FUT	70	FXXXSX	USD		231	20260422	20260429	MJPF7
MJY	XCME	1	FUT	70	FFCXSX	USD		14	20260422	20260429	MJYM6
MKC	XCBT	1	FUT	70	FCAXSX	USD		84	20260422	20260429	MKCH7
MM	XNYM	1	FUT	70	FCMXSX	USD		371	20260422	20260429	MMF0
MMC	XCME	4	FUT	70	FFIXSX	USD		35	20260422	20260429	MMCH7
MMF	XNYM	1	FUT	70	FCMXSX	USD		259	20260422	20260429	MMFF7
MMO	XNYM	1	FUT	70	FCMXSX	USD		349	20260422	20260429	MMOJ621
MMP	XNYM	1	FUT	70	FCMXSX	USD		242	20260422	20260429	MMPJ621
MMR	XNYM	1	FUT	70	FCMXSX	USD		356	20260422	20260429	MMRJ620
MNB	XNYM	1	FUT	70	FCMXSX	USD		399	20260422	20260429	MNBF0
MNC	XNYM	1	FUT	70	FCMXSX	USD		259	20260422	20260429	MNCF7
MNI	XCME	4	FUT	70	FFIXSX	JPY		14	20260422	20260429	MNIM6
MNK	XCME	4	FUT	70	FFIXSX	USD		14	20260422	20260429	MNKM6
MNS	XNYM	1	FUT	70	FCMXSX	USD		147	20260422	20260429	MNSF7
MNT	XNYM	1	FUT	70	FCMXSX	USD		256	20260422	20260429	MNTJ617
MO	XNYM	1	FUT	70	FCMXSX	USD		472	20260422	20260429	MOF0
MOI	XNYM	1	FUT	70	FCMXSX	USD		349	20260422	20260429	MOIJ621
MOX	XCEC	1	FUT	70	FXXXSX	USD		231	20260422	20260429	MOXF7
MPE	XNYM	1	FUT	70	FCMXSX	USD		91	20260422	20260429	MPEF7
MPS	XNYM	1	FUT	70	FCMXSX	USD		315	20260422	20260429	MPSF7
MPX	XNYM	1	FUT	70	FCMXSX	USD		315	20260422	20260429	MPXF7
MQ	XNYM	1	FUT	70	FCMXSX	USD		231	20260422	20260429	MQF7
MQA	XNYM	1	FUT	70	FCMXSX	USD		567	20260422	20260429	MQAF0
MRB	XNYM	1	FUT	70	FCMXSX	USD		91	20260422	20260429	MRBF7
MRI	XNYM	1	FUT	70	FCMXSX	USD		356	20260422	20260429	MRIJ620
MRT	XNYM	1	FUT	70	FCMXSX	USD		356	20260422	20260429	MRTJ620
MSB	XNYM	1	FUT	70	FCMXSX	USD		315	20260422	20260429	MSBF7
MSC	XCME	4	FUT	70	FFIXSX	USD		35	20260422	20260429	MSCH7
MSD	XNYM	1	FUT	70	FCMXSX	USD		588	20260422	20260429	MSDJ601
MSF	XCME	1	FUT	70	FFCXSX	USD		14	20260422	20260429	MSFM6
MSG	XNYM	1	FUT	70	FCMXSX	USD		175	20260422	20260429	MSGF7
MST	XCEC	1	FUT	70	FXXXSX	USD		42	20260422	20260429	MSTH7
MT2	XNYM	1	FUT	70	FCMXSX	EUR		143	20260422	20260429	MT2F7
MTB	XNYM	1	FUT	70	FCMXSX	USD		588	20260422	20260429	MTBJ601
MTH	XNYM	1	FUT	70	FCMXSX	USD		143	20260422	20260429	MTHF7
MTI	XNYM	1	FUT	70	FCMXSX	USD		256	20260422	20260429	MTIJ617
MTS	XNYM	1	FUT	70	FCMXSX	USD		483	20260422	20260429	MTSF0
MUD	XNYM	1	FUT	70	FCMXSX	USD		231	20260422	20260429	MUDF7
MXB	XNYM	1	FUT	70	FCMXSX	USD		315	20260422	20260429	MXBF7
MXR	XNYM	1	FUT	70	FCMXSX	USD		588	20260422	20260429	MXRJ601
MYB	XCME	4	FUT	70	FFIXSX	USD		80	20260422	20260429	MYBH7
N1B	XNYM	1	FUT	70	FCMXSX	USD		259	20260422	20260429	N1BF7
N1S	XCBT	1	FUT	70	FFDXSX	USD		14	20260422	20260429	N1SM6
N3P	XNYM	1	FUT	70	FCMXSX	USD		242	20260422	20260429	N3PJ621
NA2	XNYM	1	FUT	70	FCMXSX	USD		231	20260422	20260429	NA2F7
NA3	XNYM	1	FUT	70	FCMXSX	USD		231	20260422	20260429	NA3F7
NBB	XNYM	1	FUT	70	FCMXSX	USD		588	20260422	20260429	NBBJ601
NBD	XNYM	1	FUT	70	FCMXSX	GBP		349	20260422	20260429	NBDJ621
NBO	XNYM	1	FUT	70	FCMXSX	USD		315	20260422	20260429	NBOF7
NBP	XNYM	1	FUT	70	FCMXSX	USD		308	20260422	20260429	NBPF7
NCD	XNYM	1	FUT	70	FCMXSX	USD		349	20260422	20260429	NCDJ621
NCO	XNYM	1	FUT	70	FCMXSX	USD		469	20260422	20260429	NCOJ621
NCP	XNYM	1	FUT	70	FCMXSX	USD		330	20260422	20260429	NCPJ620
NDA	XCME	4	FUT	70	FFIXSX	USD		42	20260422	20260429	NDAZ0
NEO	XNYM	1	FUT	70	FCMXSX	USD		469	20260422	20260429	NEOJ621
NEP	XNYM	1	FUT	70	FCMXSX	USD		242	20260422	20260429	NEPJ621
NFC	XNYM	1	FUT	70	FCMXSX	USD		273	20260422	20260429	NFCJ601
NFD	XNYM	1	FUT	70	FCMXSX	USD		242	20260422	20260429	NFDJ621
NFG	XNYM	1	FUT	70	FCMXSX	USD		294	20260422	20260429	NFGJ601
NFO	XNYM	1	FUT	70	FCMXSX	USD		349	20260422	20260429	NFOJ621
NGO	XNYM	1	FUT	70	FCMXSX	USD		483	20260422	20260429	NGOF0
NGT	XNYM	1	FUT	70	FCMXSX	USD		91	20260422	20260429	NGTF7
NHH	XNYM	1	FUT	70	FCMXSX	USD		308	20260422	20260429	NHHF7
NHO	XNYM	1	FUT	70	FCMXSX	USD		469	20260422	20260429	NHOJ621
NHP	XNYM	1	FUT	70	FCMXSX	USD		242	20260422	20260429	NHPJ621
NIE	XNYM	1	FUT	70	FCMXSX	USD		259	20260422	20260429	NIEF7
NIT	XCME	4	FUT	70	FFIXSX	JPY		132	20260422	20260429	NITH7
NIY	XCME	4	FUT	70	FFIXSX	JPY		132	20260422	20260429	NIYH7
NJY	XCME	1	FUT	70	FFCXSX	JPY		42	20260422	20260429	NJYH7
NKT	XCME	4	FUT	70	FFIXSX	USD		105	20260422	20260429	NKTH7
NLS	XNYM	1	FUT	70	FCMXSX	USD		315	20260422	20260429	NLSF7
NMO	XNYM	1	FUT	70	FCMXSX	USD		469	20260422	20260429	NMOJ621
NMP	XNYM	1	FUT	70	FCMXSX	USD		242	20260422	20260429	NMPJ621
NN	XNYM	1	FUT	70	FCMXSX	USD		1064	20260422	20260429	NNF29
NNE	XNYM	1	FUT	70	FCMXSX	USD		833	20260422	20260429	NNEF27
NNP	XNYM	1	FUT	70	FCMXSX	USD		242	20260422	20260429	NNPJ621
NNT	XNYM	1	FUT	70	FCMXSX	USD		28	20260422	20260429	NNTK6
NOD	XNYM	1	FUT	70	FCMXSX	USD		349	20260422	20260429	NODJ621
NOK	XCME	1	FUT	70	FFCXSX	USD		42	20260422	20260429	NOKH7
NOO	XNYM	1	FUT	70	FCMXSX	USD		399	20260422	20260429	NOOF0
NOT	XNYM	1	FUT	70	FCMXSX	USD		315	20260422	20260429	NOTF7
NPG	XNYM	1	FUT	70	FCMXSX	USD		1064	20260422	20260429	NPGF27
NQQ	XCME	4	FUT	70	FFIXSX	USD		84	20260422	20260429	NQQH7
NQT	XCME	4	FUT	70	FFIXSX	USD		84	20260422	20260429	NQTH7
NQX	XCME	4	FUT	70	FFIXSX	USD		84	20260422	20260429	NQXH7
NRO	XNYM	1	FUT	70	FCMXSX	USD		469	20260422	20260429	NROJ621
NRP	XNYM	1	FUT	70	FCMXSX	USD		242	20260422	20260429	NRPJ621
NRR	XNYM	1	FUT	70	FCMXSX	USD		308	20260422	20260429	NRRF7
NSK	XCME	1	FUT	70	FFCXSX	SEK		42	20260422	20260429	NSKH7
NSO	XNYM	1	FUT	70	FCMXSX	USD		469	20260422	20260429	NSOJ621
NSP	XNYM	1	FUT	70	FCMXSX	USD		242	20260422	20260429	NSPJ621
NTP	XNYM	1	FUT	70	FCMXSX	USD		242	20260422	20260429	NTPJ621
NWD	XNYM	1	FUT	70	FCMXSX	USD		147	20260422	20260429	NWDM601
NWM	XNYM	1	FUT	70	FCMXSX	USD		469	20260422	20260429	NWMF0
NWO	XNYM	1	FUT	70	FCMXSX	USD		469	20260422	20260429	NWOJ621
NWP	XNYM	1	FUT	70	FCMXSX	USD		242	20260422	20260429	NWPJ621
NYF	XNYM	1	FUT	70	FCMXSX	USD		259	20260422	20260429	NYFF7
NYM	XCME	1	FUT	70	FCAXSX	USD		63	20260422	20260429	NYMG0
NYP	XNYM	1	FUT	70	FCMXSX	USD		308	20260422	20260429	NYPF7
NZC	XCME	1	FUT	70	FFCXSX	CAD		42	20260422	20260429	NZCH7
OAD	XNYM	1	FUT	70	FCMXSX	CAD		476	20260422	20260429	OADJ620
OFF	XNYM	1	FUT	70	FCMXSX	CAD		392	20260422	20260429	OFFF0
OLB	XCME	4	FUT	70	FFIXSX	USD		80	20260422	20260429	OLBH7
OMM	XNYM	1	FUT	70	FCMXSX	CAD		392	20260422	20260429	OMMF0
OMN	XNYM	1	FUT	70	FCMXSX	USD		315	20260422	20260429	OMNF7
ONB	XCME	4	FUT	70	FFIXSX	USD		80	20260422	20260429	ONBH7
OOD	XNYM	1	FUT	70	FCMXSX	CAD		476	20260422	20260429	OODJ620
OPF	XCME	1	FUT	70	FCAXSX	USD		168	20260422	20260429	OPFF7
OPO	XNYM	1	FUT	70	FCMXSX	CAD		337	20260422	20260429	OPOJ620
OSF	XCBT	1	FUT	70	FCAXSX	USD		108	20260422	20260429	OSFF7
PAC	XCEC	1	FUT	70	FXXXSX	CNH		91	20260422	20260429	PACF7
PAD	XCME	1	FUT	70	FFCXSX	AUD		42	20260422	20260429	PADH7
PAM	XNYM	1	FUT	70	FXXXSX	USD		56	20260422	20260429	PAMH7
PAT	XNYM	1	FUT	70	FXXXSX	USD		14	20260422	20260429	PATM6
PAU	XCEC	1	FUT	70	FXXXSX	USD		84	20260422	20260429	PAUF7
PBT	XNYM	1	FUT	70	FCMXSX	USD		304	20260422	20260429	PBTF7
PCD	XCME	1	FUT	70	FFCXSX	CAD		42	20260422	20260429	PCDH7
PDL	XNYM	1	FUT	70	FCMXSX	USD		330	20260422	20260429	PDLJ621
PEX	XNYM	1	FUT	70	FCMXSX	CAD		476	20260422	20260429	PEXF0
PFP	XNYM	1	FUT	70	FCMXSX	CAD		476	20260422	20260429	PFPJ620
PGG	XNYM	1	FUT	70	FCMXSX	USD		231	20260422	20260429	PGGF7
PHF	XNYM	1	FUT	70	FCMXSX	CAD		476	20260422	20260429	PHFF0
PJY	XCME	1	FUT	70	FFCXSX	JPY		42	20260422	20260429	PJYH7
PLM	XNYM	1	FUT	70	FXXXSX	USD		49	20260422	20260429	PLMF7
PLN	XCME	1	FUT	70	FFCXSX	USD		42	20260422	20260429	PLNH7
PLT	XNYM	1	FUT	70	FXXXSX	USD		14	20260422	20260429	PLTN6
PMF	XNYM	1	FUT	70	FCMXSX	USD		350	20260422	20260429	PMFF0
PNF	XNYM	1	FUT	70	FCMXSX	USD		350	20260422	20260429	PNFF0
PNK	XCME	1	FUT	70	FFCXSX	NOK		42	20260422	20260429	PNKH7
POB	XNYM	1	FUT	70	FCMXSX	USD		315	20260422	20260429	POBF7
POG	XCME	1	FUT	70	FCAXSX	USD		91	20260422	20260429	POGF7
PPP	XNYM	1	FUT	70	FCMXSX	USD		231	20260422	20260429	PPPF7
PPW	XNYM	1	FUT	70	FCMXSX	USD		294	20260422	20260429	PPWJ601
PR4	XNYM	1	FUT	70	FCMXSX	USD		133	20260422	20260429	PR4F7
PR6	XNYM	1	FUT	70	FCMXSX	USD		133	20260422	20260429	PR6F7
PSF	XCME	1	FUT	70	FFCXSX	CHF		42	20260422	20260429	PSFH7
PSK	XCME	1	FUT	70	FFCXSX	SEK		42	20260422	20260429	PSKH7
PTL	XNYM	1	FUT	70	FCMXSX	USD		337	20260422	20260429	PTLJ620
QBTC	XCME	4	FUT	70	FFIXSX	USD		7	20260422	20260429	QBTCM6
QC	XCEC	1	FUT	70	FXXXSX	USD		273	20260422	20260429	QCF7
QCN	XCME	4	FUT	70	FFIXSX	USD		14	20260422	20260429	QCNM6
QCS	XNYM	1	FUT	70	FCMXSX	USD		161	20260422	20260429	QCSH0
QDOW	XCBT	4	FUT	70	FFIXSX	USD		7	20260422	20260429	QDOWM6
QETH	XCME	4	FUT	70	FFIXSX	USD		7	20260422	20260429	QETHM6
QH	XNYM	1	FUT	70	FCMXSX	USD		91	20260422	20260429	QHF7
QI	XCEC	1	FUT	70	FXXXSX	USD		84	20260422	20260429	QIF7
QNDX	XCME	4	FUT	70	FFIXSX	USD		7	20260422	20260429	QNDXM6
QO	XCEC	1	FUT	70	FXXXSX	USD		77	20260422	20260429	QOG7
QOT	XCEC	1	FUT	70	FXXXSX	USD		35	20260422	20260429	QOTG7
QRTY	XCME	4	FUT	70	FFIXSX	USD		7	20260422	20260429	QRTYM6
QSOL	XCME	4	FUT	70	FFIXSX	USD		7	20260422	20260429	QSOLM6
QSPX	XCME	4	FUT	70	FFIXSX	USD		7	20260422	20260429	QSPXM6
QU	XNYM	1	FUT	70	FCMXSX	USD		91	20260422	20260429	QUF7
QXRP	XCME	4	FUT	70	FFIXSX	USD		7	20260422	20260429	QXRPM6
R1T	XCME	4	FUT	70	FFIXSX	USD		35	20260422	20260429	R1TH7
R2G	XCME	4	FUT	70	FFIXSX	USD		35	20260422	20260429	R2GH7
R2V	XCME	4	FUT	70	FFIXSX	USD		35	20260422	20260429	R2VH7
R4B	XNYM	1	FUT	70	FCMXSX	USD		588	20260422	20260429	R4BJ601
R53	XNYM	1	FUT	70	FCMXSX	USD		315	20260422	20260429	R53F7
R5B	XNYM	1	FUT	70	FCMXSX	USD		448	20260422	20260429	R5BJ601
R5E	XNYM	1	FUT	70	FCMXSX	USD		448	20260422	20260429	R5EJ601
R5F	XNYM	1	FUT	70	FCMXSX	USD		315	20260422	20260429	R5FF7
R5M	XNYM	1	FUT	70	FCMXSX	USD		315	20260422	20260429	R5MF7
R5O	XNYM	1	FUT	70	FCMXSX	USD		315	20260422	20260429	R5OF7
R6B	XNYM	1	FUT	70	FCMXSX	USD		588	20260422	20260429	R6BJ601
RBB	XNYM	1	FUT	70	FCMXSX	USD		315	20260422	20260429	RBBF7
RBF	XNYM	1	FUT	70	FCMXSX	USD		175	20260422	20260429	RBFF7
RBL	XNYM	1	FUT	70	FCMXSX	USD		28	20260422	20260429	RBLK6
RBM	XNYM	1	FUT	70	FCMXSX	USD		448	20260422	20260429	RBMJ601
RBT	XNYM	1	FUT	70	FCMXSX	USD		56	20260422	20260429	RBTK6
RDA	XCME	4	FUT	70	FFIXSX	USD		42	20260422	20260429	RDAZ0
RET	XCME	4	FUT	70	FFIXSX	USD		35	20260422	20260429	RETH7
REX	XCBT	4	FUT	70	FFIXSX	USD		28	20260422	20260429	REXH7
RF	XCME	1	FUT	70	FFCXSX	CHF		42	20260422	20260429	RFH7
RGF	XNYM	1	FUT	70	FCMXSX	USD		315	20260422	20260429	RGFF7
RGI	XNYM	1	FUT	70	FCMXSX	USD		147	20260422	20260429	RGIF7
RGT	XCME	4	FUT	70	FFIXSX	USD		35	20260422	20260429	RGTH7
RKA	XNYM	1	FUT	70	FCMXSX	USD		231	20260422	20260429	RKAF7
RKT	XCME	4	FUT	70	FFIXSX	USD		35	20260422	20260429	RKTH7
RLB	XCME	4	FUT	70	FFIXSX	USD		80	20260422	20260429	RLBH7
RLT	XCME	4	FUT	70	FFIXSX	USD		77	20260422	20260429	RLTH7
RLX	XNYM	1	FUT	70	FCMXSX	USD		315	20260422	20260429	RLXF7
RMB	XCME	1	FUT	70	FFCXSX	USD		147	20260422	20260429	RMBF7
RME	XCME	1	FUT	70	FFCXSX	EUR		105	20260422	20260429	RMEF7
RN3	XNYM	1	FUT	70	FCMXSX	USD		259	20260422	20260429	RN3F7
RN4	XNYM	1	FUT	70	FCMXSX	USD		259	20260422	20260429	RN4F7
RN6	XNYM	1	FUT	70	FCMXSX	USD		259	20260422	20260429	RN6F7
RNB	XCME	4	FUT	70	FFIXSX	USD		80	20260422	20260429	RNBH7
RP	XCME	1	FUT	70	FFCXSX	GBP		63	20260422	20260429	RPH7
RS1	XCME	4	FUT	70	FFIXSX	USD		35	20260422	20260429	RS1H7
RSG	XCME	4	FUT	70	FFIXSX	USD		35	20260422	20260429	RSGH7
RSO	XCBT	1	FUT	70	FCAXSX	EUR		112	20260422	20260429	RSOF7
RSV	XCME	4	FUT	70	FFIXSX	USD		35	20260422	20260429	RSVH7
RT	XNYM	1	FUT	70	FCMXSX	USD		259	20260422	20260429	RTF7
RTQ	XCME	4	FUT	70	FFIXSX	USD		77	20260422	20260429	RTQH7
RTX	XCME	4	FUT	70	FFIXSX	USD		7	20260422	20260429	RTXM6
RVR	XNYM	1	FUT	70	FCMXSX	USD		259	20260422	20260429	RVRF7
RVT	XCME	4	FUT	70	FFIXSX	USD		35	20260422	20260429	RVTH7
RX	XCBT	4	FUT	70	FFIXSX	USD		28	20260422	20260429	RXH7
RY	XCME	1	FUT	70	FFCXSX	JPY		42	20260422	20260429	RYH7
S1S	XCBT	1	FUT	70	FFDXSX	USD		14	20260422	20260429	S1SM6
S53	XNYM	1	FUT	70	FCMXSX	USD		315	20260422	20260429	S53F7
S5B	XNYM	1	FUT	70	FCMXSX	USD		448	20260422	20260429	S5BJ601
S5F	XNYM	1	FUT	70	FCMXSX	USD		315	20260422	20260429	S5FF7
S5M	XNYM	1	FUT	70	FCMXSX	USD		315	20260422	20260429	S5MF7
S5O	XNYM	1	FUT	70	FCMXSX	USD		315	20260422	20260429	S5OF7
SAS	XCBT	1	FUT	70	FCAXSX	USD		126	20260422	20260429	SASF7
SBM	XNYM	1	FUT	70	FCMXSX	USD		448	20260422	20260429	SBMJ601
SBT	XCBT	1	FUT	70	FCAXSX	USD		49	20260422	20260429	SBTF7
SCB	XNYM	1	FUT	70	FCMXSX	USD		360	20260422	20260429	SCBH626
SCT	XNYM	1	FUT	70	FCMXSX	USD		304	20260422	20260429	SCTF7
SD	XNYM	1	FUT	70	FCMXSX	USD		483	20260422	20260429	SDF0
SDA	XCME	4	FUT	70	FFIXSX	USD		77	20260422	20260429	SDAZ0
SDG	XCME	1	FUT	70	FCAXSX	USD		63	20260422	20260429	SDGG0
SDI	XCME	4	FUT	70	FFIXSX	USD		35	20260422	20260429	SDIH7
SE	XNYM	1	FUT	70	FCMXSX	USD		483	20260422	20260429	SEF0
SEK	XCME	1	FUT	70	FFCXSX	USD		42	20260422	20260429	SEKH7
SF1	XNYM	1	FUT	70	FCMXSX	USD		343	20260422	20260429	SF1F0
SF3	XNYM	1	FUT	70	FCMXSX	USD		343	20260422	20260429	SF3F0
SFB	XNYM	1	FUT	70	FCMXSX	USD		553	20260422	20260429	SFBJ601
SFR	XCME	1	FUT	70	FCAXSX	USD		63	20260422	20260429	SFRG0
SG	XCME	4	FUT	70	FFIXSX	USD		14	20260422	20260429	SGM6
SGB	XNYM	1	FUT	70	FCMXSX	USD		231	20260422	20260429	SGBF7
SGC	XCEC	1	FUT	70	FXXXSX	CNH		63	20260422	20260429	SGCG7
SGD	XCME	1	FUT	70	FFCXSX	USD		56	20260422	20260429	SGDH7
SGF	XNYM	1	FUT	70	FCMXSX	USD		315	20260422	20260429	SGFF7
SGO	XNYM	1	FUT	70	FCMXSX	USD		567	20260422	20260429	SGOJ601
SGT	XCME	4	FUT	70	FFIXSX	USD		14	20260422	20260429	SGTM6
SGU	XCEC	1	FUT	70	FXXXSX	USD		63	20260422	20260429	SGUG7
SHR	XCEC	1	FUT	70	FXXXSX	USD		168	20260422	20260429	SHRF7
SIC	XCEC	1	FUT	70	FXXXSX	USD		70	20260422	20260429	SICH7
SIR	XCME	1	FUT	70	FFCXSX	USD		119	20260422	20260429	SIRF7
SIT	XCEC	1	FUT	70	FXXXSX	USD		42	20260422	20260429	SITH7
SJY	XCME	1	FUT	70	FFCXSX	JPY		42	20260422	20260429	SJYH7
SLB	XCME	4	FUT	70	FFIXSX	USD		80	20260422	20260429	SLBH7
SMC	XCME	4	FUT	70	FFIXSX	USD		35	20260422	20260429	SMCH7
SMET	XCME	4	FUT	70	FFIXSX	USD		49	20260422	20260429	SMETJ6
SMT	XCME	4	FUT	70	FFIXSX	USD		35	20260422	20260429	SMTH7
SMU	XNYM	1	FUT	70	FCMXSX	USD		259	20260422	20260429	SMUF7
SNB	XCME	4	FUT	70	FFIXSX	USD		80	20260422	20260429	SNBH7
SOT	XCME	4	FUT	70	FFIXSX	USD		35	20260422	20260429	SOTH7
SOX	XCME	4	FUT	70	FFIXSX	USD		35	20260422	20260429	SOXH7
SPM	XCEC	1	FUT	70	FXXXSX	USD		231	20260422	20260429	SPMF7
SR5	XNYM	1	FUT	70	FCMXSX	USD		315	20260422	20260429	SR5F7
SRB	XNYM	1	FUT	70	FCMXSX	USD		448	20260422	20260429	SRBJ601
SSW	XNYM	1	FUT	70	FCMXSX	USD		469	20260422	20260429	SSWF0
STI	XNYM	1	FUT	70	FCMXSX	USD		259	20260422	20260429	STIF7
STR	XNYM	1	FUT	70	FCMXSX	USD		259	20260422	20260429	STRF7
STS	XNYM	1	FUT	70	FCMXSX	USD		259	20260422	20260429	STSF7
STY	XNYM	1	FUT	70	FCMXSX	USD		588	20260422	20260429	STYJ601
SU	XCME	4	FUT	70	FFIXSX	USD		14	20260422	20260429	SUM6
SUT	XCME	4	FUT	70	FFIXSX	USD		14	20260422	20260429	SUTM6
SWT	XCME	4	FUT	70	FFIXSX	USD		35	20260422	20260429	SWTH7
SXB	XCME	4	FUT	70	FFIXSX	USD		35	20260422	20260429	SXBH7
SXI	XCME	4	FUT	70	FFIXSX	USD		35	20260422	20260429	SXIH7
SXO	XCME	4	FUT	70	FFIXSX	USD		35	20260422	20260429	SXOH7
SXR	XCME	4	FUT	70	FFIXSX	USD		35	20260422	20260429	SXRH7
SXT	XCME	4	FUT	70	FFIXSX	USD		35	20260422	20260429	SXTH7
SYP	XCME	1	FUT	70	FCAXSX	USD		49	20260422	20260429	SYPF7
T1B	XNYM	1	FUT	70	FCMXSX	USD		574	20260422	20260429	T1BJ601
T1S	XCBT	1	FUT	70	FFDXSX	USD		14	20260422	20260429	T1SM6
T2B	XNYM	1	FUT	70	FCMXSX	USD		574	20260422	20260429	T2BJ601
T2D	XNYM	1	FUT	70	FCMXSX	USD		483	20260422	20260429	T2DF0
T2M	XNYM	1	FUT	70	FCMXSX	USD		489	20260422	20260429	T2MJ620
T3B	XNYM	1	FUT	70	FCMXSX	USD		588	20260422	20260429	T3BJ601
T3L	XNYM	1	FUT	70	FCMXSX	USD		476	20260422	20260429	T3LF0
T4B	XNYM	1	FUT	70	FCMXSX	USD		574	20260422	20260429	T4BJ601
T4D	XNYM	1	FUT	70	FCMXSX	USD		489	20260422	20260429	T4DJ620
T5B	XNYM	1	FUT	70	FCMXSX	USD		574	20260422	20260429	T5BJ601
T5C	XNYM	1	FUT	70	FCMXSX	USD		231	20260422	20260429	T5CF7
T6B	XNYM	1	FUT	70	FCMXSX	USD		574	20260422	20260429	T6BJ601
T7C	XNYM	1	FUT	70	FCMXSX	USD		483	20260422	20260429	T7CF0
T7K	XNYM	1	FUT	70	FCMXSX	USD		315	20260422	20260429	T7KF7
T8B	XNYM	1	FUT	70	FCMXSX	USD		574	20260422	20260429	T8BJ601
T8C	XNYM	1	FUT	70	FCMXSX	USD		315	20260422	20260429	T8CF7
TAS	XNYM	1	FUT	70	FCMXSX	EUR		14	20260422	20260429	TASK6
TB2	XNYM	1	FUT	70	FCMXSX	USD		574	20260422	20260429	TB2J601
TBF3	XCME	1	FUT	70	FFDXSX	USD		42	20260422	20260429	TBF3H7
TBK	XNYM	1	FUT	70	FCMXSX	USD		304	20260422	20260429	TBKF7
TBM	XCME	4	FUT	70	FFIXSX	USD		24	20260422	20260429	TBMJ6
TBT	XCME	4	FUT	70	FFIXSX	USD		24	20260422	20260429	TBTJ6
TC1	XNYM	1	FUT	70	FCMXSX	USD		315	20260422	20260429	TC1F7
TC6	XNYM	1	FUT	70	FCMXSX	USD		175	20260422	20260429	TC6F7
TC7	XNYM	1	FUT	70	FCMXSX	USD		483	20260422	20260429	TC7F0
TCS	XNYM	1	FUT	70	FCMXSX	USD		304	20260422	20260429	TCSF7
TD3	XNYM	1	FUT	70	FCMXSX	USD		231	20260422	20260429	TD3F7
TD8	XNYM	1	FUT	70	FCMXSX	USD		231	20260422	20260429	TD8F7
TDM	XNYM	1	FUT	70	FCMXSX	USD		483	20260422	20260429	TDMF0
TEF	XNYM	1	FUT	70	FCMXSX	USD		315	20260422	20260429	TEFF7
TEM	XCME	4	FUT	70	FFIXSX	USD		24	20260422	20260429	TEMJ6
TET	XCME	4	FUT	70	FFIXSX	USD		24	20260422	20260429	TETJ6
TF2	XNYM	1	FUT	70	FCMXSX	USD		483	20260422	20260429	TF2F0
TFB	XNYM	1	FUT	70	FCMXSX	USD		574	20260422	20260429	TFBJ601
TFU	XNYM	1	FUT	70	FCMXSX	USD		476	20260422	20260429	TFUF0
TH	XNYM	1	FUT	70	FCMXSX	USD		483	20260422	20260429	THF0
THAI	XCME	1	FUT	70	FFCXSX	USD		63	20260422	20260429	THAIH7
THB	XNYM	1	FUT	70	FCMXSX	USD		588	20260422	20260429	THBJ601
THD	XNYM	1	FUT	70	FCMXSX	USD		308	20260422	20260429	THDF7
TI3	XCME	1	FUT	70	FFDXSX	MXN		147	20260422	20260429	TI3H0
TIE	XCME	1	FUT	70	FFDXSX	MXN		182	20260422	20260429	TIEF7
TIL	XNYM	1	FUT	70	FCMXSX	USD		315	20260422	20260429	TILF7
TIO	XCEC	1	FUT	70	FXXXSX	USD		315	20260422	20260429	TIOF7
TK	XNYM	1	FUT	70	FCMXSX	USD		259	20260422	20260429	TKF7
TKB	XNYM	1	FUT	70	FCMXSX	USD		574	20260422	20260429	TKBJ601
TL	XNYM	1	FUT	70	FCMXSX	USD		483	20260422	20260429	TLF0
TLB	XNYM	1	FUT	70	FCMXSX	USD		574	20260422	20260429	TLBJ601
TLD	XNYM	1	FUT	70	FCMXSX	USD		489	20260422	20260429	TLDJ620
TM	XNYM	1	FUT	70	FCMXSX	USD		483	20260422	20260429	TMF0
TMB	XNYM	1	FUT	70	FCMXSX	USD		574	20260422	20260429	TMBJ601
TMD	XNYM	1	FUT	70	FCMXSX	USD		489	20260422	20260429	TMDJ620
TMS	XCME	4	FUT	70	FFIXSX	USD		24	20260422	20260429	TMSJ6
TMX	XCME	4	FUT	70	FFIXSX	USD		24	20260422	20260429	TMXJ6
TNT	XCBT	1	FUT	70	FFDXSX	USD		7	20260422	20260429	TNTM6
TPB	XCME	4	FUT	70	FFIXSX	JPY		35	20260422	20260429	TPBH7
TPD	XCME	4	FUT	70	FFIXSX	USD		35	20260422	20260429	TPDH7
TPT	XCME	4	FUT	70	FFIXSX	USD		35	20260422	20260429	TPTH7
TPY	XCME	4	FUT	70	FFIXSX	JPY		35	20260422	20260429	TPYH7
TRB	XCME	4	FUT	70	FFIXSX	USD		7	20260422	20260429	TRBZ6
TRL	XCME	1	FUT	70	FFCXSX	USD		42	20260422	20260429	TRLH7
TSL	XCME	4	FUT	70	FFIXSX	USD		24	20260422	20260429	TSLJ6
TT	XNYM	1	FUT	70	FCAXSX	USD		73	20260422	20260429	TTH7
TTB	XNYM	1	FUT	70	FCMXSX	USD		476	20260422	20260429	TTBF0
TTD	XNYM	1	FUT	70	FCMXSX	EUR		469	20260422	20260429	TTDJ621
TTE	XNYM	1	FUT	70	FCMXSX	USD		308	20260422	20260429	TTEF7
TTF	XNYM	1	FUT	70	FCMXSX	EUR		896	20260422	20260429	TTFF0
TTG	XNYM	1	FUT	70	FCMXSX	EUR		476	20260422	20260429	TTGF0
TTH	XNYM	1	FUT	70	FCMXSX	EUR		896	20260422	20260429	TTHF0
TTI	XNYM	1	FUT	70	FCMXSX	EUR		476	20260422	20260429	TTIF0
TTP	XNYM	1	FUT	70	FCMXSX	EUR		892	20260422	20260429	TTPF0
TTS	XNYM	1	FUT	70	FCMXSX	EUR		14	20260422	20260429	TTSK6
TW	XNYM	1	FUT	70	FCMXSX	USD		259	20260422	20260429	TWF7
TXP	XCME	4	FUT	70	FFIXSX	USD		24	20260422	20260429	TXPJ6
U7	XNYM	1	FUT	70	FCMXSX	USD		588	20260422	20260429	U7J601
U9	XNYM	1	FUT	70	FCMXSX	USD		588	20260422	20260429	U9J601
UA	XNYM	1	FUT	70	FCMXSX	USD		483	20260422	20260429	UAF0
UBT	XCBT	1	FUT	70	FFDXSX	USD		7	20260422	20260429	UBTM6
UCD	XNYM	1	FUT	70	FCMXSX	USD		315	20260422	20260429	UCDF7
UCG	XNYM	1	FUT	70	FCMXSX	USD		315	20260422	20260429	UCGF7
UCM	XNYM	1	FUT	70	FCMXSX	USD		231	20260422	20260429	UCMF7
UCO	XNYM	1	FUT	70	FCMXSX	USD		91	20260422	20260429	UCOF7
UCR	XNYM	1	FUT	70	FCMXSX	USD		133	20260422	20260429	UCRF7
UCS	XNYM	1	FUT	70	FCMXSX	USD		133	20260422	20260429	UCSF7
UFB	XCBT	1	FUT	70	FCAXSX	USD		91	20260422	20260429	UFBF7
UFE	XCBT	1	FUT	70	FCAXSX	USD		91	20260422	20260429	UFEF7
UFV	XCBT	1	FUT	70	FCAXSX	USD		91	20260422	20260429	UFVF7
UHC	XNYM	1	FUT	70	FCMXSX	USD		301	20260422	20260429	UHCF7
UHT	XNYM	1	FUT	70	FCMXSX	USD		304	20260422	20260429	UHTF7
UKG	XNYM	1	FUT	70	FCMXSX	GBP		476	20260422	20260429	UKGF0
ULB	XNYM	1	FUT	70	FCMXSX	USD		287	20260422	20260429	ULBJ601
UME	XCBT	1	FUT	70	FCAXSX	USD		91	20260422	20260429	UMEF7
UN	XNYM	1	FUT	70	FCMXSX	USD		315	20260422	20260429	UNF7
UNO	XCBT	1	FUT	70	FCAXSX	USD		91	20260422	20260429	UNOF7
UP5	XNYM	1	FUT	70	FCMXSX	USD		315	20260422	20260429	UP5F7
UPB	XNYM	1	FUT	70	FCMXSX	USD		387	20260422	20260429	UPBJ601
UPM	XNYM	1	FUT	70	FCMXSX	USD		315	20260422	20260429	UPMF7
UR	XNYM	1	FUT	70	FCMXSX	USD		259	20260422	20260429	URF7
USC	XNYM	1	FUT	70	FCMXSX	USD		483	20260422	20260429	USCF0
USE	XNYM	1	FUT	70	FCMXSX	USD		483	20260422	20260429	USEF0
UV	XNYM	1	FUT	70	FCMXSX	USD		483	20260422	20260429	UVF0
UX	XCEC	1	FUT	70	FXXXSX	USD		427	20260422	20260429	UXF0
V7	XNYM	1	FUT	70	FCMXSX	USD		472	20260422	20260429	V7F0
VR	XNYM	1	FUT	70	FCMXSX	USD		259	20260422	20260429	VRF7
VV	XNYM	1	FUT	70	FCMXSX	USD		259	20260422	20260429	VVF7
W0	XNYM	1	FUT	70	FCMXSX	USD		588	20260422	20260429	W0J601
WBR	XNYM	1	FUT	70	FCMXSX	USD		315	20260422	20260429	WBRF7
WBX	XNYM	1	FUT	70	FCMXSX	USD		304	20260422	20260429	WBXF7
WCW	XNYM	1	FUT	70	FCMXSX	USD		469	20260422	20260429	WCWF0
WDB	XNYM	1	FUT	70	FCMXSX	USD		315	20260422	20260429	WDBF7
WDC	XCME	1	FUT	70	FCAXSX	USD		63	20260422	20260429	WDCG0
WHB	XNYM	1	FUT	70	FCMXSX	USD		304	20260422	20260429	WHBF7
WHD	XNYM	1	FUT	70	FCMXSX	USD		304	20260422	20260429	WHDF7
WHT	XNYM	1	FUT	70	FCMXSX	USD		304	20260422	20260429	WHTF7
WMB	XNYM	1	FUT	70	FCMXSX	USD		304	20260422	20260429	WMBF7
WMD	XNYM	1	FUT	70	FCMXSX	USD		304	20260422	20260429	WMDF7
WMR	XNYM	1	FUT	70	FCMXSX	USD		315	20260422	20260429	WMRF7
WNB	XNYM	1	FUT	70	FCMXSX	USD		360	20260422	20260429	WNBH626
WNT	XNYM	1	FUT	70	FCMXSX	USD		472	20260422	20260429	WNTF0
WS	XNYM	1	FUT	70	FCMXSX	USD		514	20260422	20260429	WSF0
WTB	XNYM	1	FUT	70	FCMXSX	USD		500	20260422	20260429	WTBH626
WTD	XNYM	1	FUT	70	FCMXSX	USD		315	20260422	20260429	WTDF7
WTI	XNYM	1	FUT	70	FCMXSX	USD		472	20260422	20260429	WTIF0
WTL	XNYM	1	FUT	70	FCMXSX	USD		304	20260422	20260429	WTLF7
WTT	XNYM	1	FUT	70	FCMXSX	USD		640	20260422	20260429	WTTF0
X0	XNYM	1	FUT	70	FCMXSX	USD		259	20260422	20260429	X0F7
X6	XNYM	1	FUT	70	FCMXSX	USD		588	20260422	20260429	X6J601
X7	XNYM	1	FUT	70	FCMXSX	USD		588	20260422	20260429	X7J601
X9	XNYM	1	FUT	70	FCMXSX	USD		588	20260422	20260429	X9J601
XAB	XCME	4	FUT	70	FFIXSX	USD		35	20260422	20260429	XABH7
XAE	XCME	4	FUT	70	FFIXSX	USD		35	20260422	20260429	XAEH7
XAF	XCME	4	FUT	70	FFIXSX	USD		35	20260422	20260429	XAFH7
XAI	XCME	4	FUT	70	FFIXSX	USD		35	20260422	20260429	XAIH7
XAK	XCME	4	FUT	70	FFIXSX	USD		35	20260422	20260429	XAKH7
XAP	XCME	4	FUT	70	FFIXSX	USD		35	20260422	20260429	XAPH7
XAR	XCME	4	FUT	70	FFIXSX	USD		35	20260422	20260429	XARH7
XAU	XCME	4	FUT	70	FFIXSX	USD		35	20260422	20260429	XAUH7
XAV	XCME	4	FUT	70	FFIXSX	USD		35	20260422	20260429	XAVH7
XAY	XCME	4	FUT	70	FFIXSX	USD		35	20260422	20260429	XAYH7
XAZ	XCME	4	FUT	70	FFIXSX	USD		35	20260422	20260429	XAZH7
XBT	XCME	4	FUT	70	FFIXSX	USD		35	20260422	20260429	XBTH7
XC	XCBT	1	FUT	70	FCAXSX	USD		112	20260422	20260429	XCH7
XER	XNYM	1	FUT	70	FCMXSX	USD		315	20260422	20260429	XERF7
XET	XCME	4	FUT	70	FFIXSX	USD		35	20260422	20260429	XETH7
XEU	XCME	1	FUT	70	FFDXSX	USD		14	20260422	20260429	XEUM6
XFT	XCME	4	FUT	70	FFIXSX	USD		35	20260422	20260429	XFTH7
XIT	XCME	4	FUT	70	FFIXSX	USD		35	20260422	20260429	XITH7
XK	XCBT	1	FUT	70	FCAXSX	USD		147	20260422	20260429	XKF7
XKT	XCME	4	FUT	70	FFIXSX	USD		35	20260422	20260429	XKTH7
XLB	XCME	4	FUT	70	FFIXSX	USD		80	20260422	20260429	XLBH7
XNB	XCME	4	FUT	70	FFIXSX	USD		80	20260422	20260429	XNBH7
XPP	XNYM	1	FUT	70	FCMXSX	CAD		337	20260422	20260429	XPPJ620
XPT	XCME	4	FUT	70	FFIXSX	USD		35	20260422	20260429	XPTH7
XRT	XCME	4	FUT	70	FFIXSX	USD		35	20260422	20260429	XRTH7
XTB	XNYM	1	FUT	70	FCMXSX	USD		360	20260422	20260429	XTBH626
XTT	XNYM	1	FUT	70	FCMXSX	USD		220	20260422	20260429	XTTF7
XUB	XNYM	1	FUT	70	FCMXSX	USD		588	20260422	20260429	XUBJ601
XUK	XNYM	1	FUT	70	FCMXSX	USD		231	20260422	20260429	XUKF7
XUT	XCME	4	FUT	70	FFIXSX	USD		35	20260422	20260429	XUTH7
XVT	XCME	4	FUT	70	FFIXSX	USD		35	20260422	20260429	XVTH7
XW	XCBT	1	FUT	70	FCAXSX	USD		84	20260422	20260429	XWH7
XYB	XCME	4	FUT	70	FFIXSX	USD		80	20260422	20260429	XYBH7
XYT	XCME	4	FUT	70	FFIXSX	USD		35	20260422	20260429	XYTH7
XZT	XCME	4	FUT	70	FFIXSX	USD		35	20260422	20260429	XZTH7
YHE	XNYM	1	FUT	70	FCMXSX	USD		476	20260422	20260429	YHEF0
YHF	XNYM	1	FUT	70	FCMXSX	USD		330	20260422	20260429	YHFJ621
YIA	XCBT	1	FUT	70	FFDXSX	USD		42	20260422	20260429	YIAH26
YIB	XCBT	1	FUT	70	FFDXSX	USD		210	20260422	20260429	YIBH20
YIC	XCBT	1	FUT	70	FFDXSX	USD		98	20260422	20260429	YICH24
YID	XCBT	1	FUT	70	FFDXSX	USD		126	20260422	20260429	YIDH23
YIE	XCBT	1	FUT	70	FFDXSX	USD		350	20260422	20260429	YIEH15
YII	XCBT	1	FUT	70	FFDXSX	USD		168	20260422	20260429	YIIH21
YIL	XCBT	1	FUT	70	FFDXSX	USD		168	20260422	20260429	YILH21
YIO	XCBT	1	FUT	70	FFDXSX	USD		168	20260422	20260429	YIOH21
YIT	XCBT	1	FUT	70	FFDXSX	USD		70	20260422	20260429	YITH25
YIW	XCBT	1	FUT	70	FFDXSX	USD		154	20260422	20260429	YIWH22
YIY	XCBT	1	FUT	70	FFDXSX	USD		294	20260422	20260429	YIYH17
YLB	XCME	4	FUT	70	FFIXSX	USD		80	20260422	20260429	YLBH7
YMT	XCBT	4	FUT	70	FFIXSX	USD		28	20260422	20260429	YMTH7
YMX	XCBT	4	FUT	70	FFIXSX	USD		7	20260422	20260429	YMXM6
YNO	XNYM	1	FUT	70	FCMXSX	USD		588	20260422	20260429	YNOJ601
YO	XNYM	1	FUT	70	FCAXSX	USD		63	20260422	20260429	YOH7
YRP	XNYM	1	FUT	70	FCMXSX	USD		469	20260422	20260429	YRPJ621
YRW	XNYM	1	FUT	70	FCMXSX	USD		330	20260422	20260429	YRWJ621
YUE	XNYM	1	FUT	70	FCMXSX	USD		476	20260422	20260429	YUEF0
YVB	XNYM	1	FUT	70	FCMXSX	USD		360	20260422	20260429	YVBH626
YWE	XNYM	1	FUT	70	FCMXSX	USD		476	20260422	20260429	YWEF0
YWF	XNYM	1	FUT	70	FCMXSX	USD		469	20260422	20260429	YWFJ621
YWK	XNYM	1	FUT	70	FCMXSX	USD		476	20260422	20260429	YWKF0
Z1B	XNYM	1	FUT	70	FCMXSX	EUR		588	20260422	20260429	Z1BJ601
Z4	XNYM	1	FUT	70	FCMXSX	USD		343	20260422	20260429	Z4F0
Z6	XNYM	1	FUT	70	FCMXSX	USD		343	20260422	20260429	Z6F0
ZAL	XNYM	1	FUT	70	FCMXSX	USD		469	20260422	20260429	ZALJ621
ZBT	XCBT	1	FUT	70	FFDXSX	USD		7	20260422	20260429	ZBTM6
ZCT	XCBT	1	FUT	70	FCAXSX	USD		42	20260422	20260429	ZCTH7
ZFT	XCBT	1	FUT	70	FFDXSX	USD		7	20260422	20260429	ZFTM6
ZGL	XNYM	1	FUT	70	FCMXSX	USD		469	20260422	20260429	ZGLJ621
ZJL	XNYM	1	FUT	70	FCMXSX	USD		469	20260422	20260429	ZJLJ621
ZKU	XNYM	1	FUT	70	FCMXSX	USD		588	20260422	20260429	ZKUJ601
ZLT	XCBT	1	FUT	70	FCAXSX	USD		49	20260422	20260429	ZLTF7
ZMT	XCBT	1	FUT	70	FCAXSX	USD		49	20260422	20260429	ZMTF7
ZNC	XCEC	1	FUT	70	FXXXSX	USD		91	20260422	20260429	ZNCF7
ZNS	XCBT	1	FUT	70	FFDXSX	USD		7	20260422	20260429	ZNSM6
ZR	XCBT	1	FUT	70	FCAXSX	USD		49	20260422	20260429	ZRF7
ZTT	XCBT	1	FUT	70	FFDXSX	USD		7	20260422	20260429	ZTTM6
ZWT	XCBT	1	FUT	70	FCAXSX	USD		42	20260422	20260429	ZWTH7
