-- Environment Documents [Read this First] --			
Titan DTDC Environment Document	7.3	17 Jul 2026	https://api2.sgx.com/sites/default/files/2026-07/Titan-DTDC%20Environment%20Document%20V7.3%20%28Final%29.pdf?destination=/media/162341
Titan DTDC Environment Document Addendum - Crypto Perpetual Futures TAS	1.0	18 Mar 2026	https://api2.sgx.com/sites/default/files/2026-03/Titan%20DTDC%20Environment%20Document%20Addendum%20-%20Crypto%20Perpetual%20Futures%20TAS.pdf
Titan DTDC Environment Document Addendum - Iron Ore 11pm TAR Price Publication	1.0	2 Sep 2025	https://api2.sgx.com/sites/default/files/2025-09/Titan%20DTDC%20Environment%20Document%20Addendum%20-%20Iron%20Ore%2011pm%20TAR%20Price%20Publication.pdf
Titan DTDC Environment Document Addendum - TAS	1.2	09 Oct 2024	https://api2.sgx.com/sites/default/files/2026-04/Titan%20DTDC%20Environment%20Document%20Addendum%20TAS_v1.2.pdf
Titan DTDC Environment Document Addendum - US SSF T+1 Trading	1.0	23 Oct 2023	https://api2.sgx.com/sites/default/files/2023-10/Titan%20DTDC%20Environment%20Document%20Addendum_US%20SSF%20T%2B1%20Trading%20v1.0.pdf?destination=/media/94808
Titan DTDC Environment Document Addendum - FlexC Screen	1.2	20 Apr 2021	https://api2.sgx.com/sites/default/files/2021-04/Titan%20DTDC%20Environment%20Document%20Addendum%20FlexC%20Screen%20V1.2.pdf
Titan DTDC Environment Document Addendum - TAR	1.1	26 Mar 2021	https://api2.sgx.com/sites/default/files/2021-03/Titan%20DTDC%20Environment%20Document%20Addendum%20TAR%20v1.1.pdf
Titan DTDC Environment Document Addendum - Source & Orig Series	1.0	26 Mar 2021	https://api2.sgx.com/sites/default/files/2021-03/Titan%20DTDC%20Environment%20Document%20Addendum%20Source%20%26%20Orig%20Series.pdf
Titan DTDC Environment Document Addendum - Flex Futures	4.0	11 May 2018	https://api2.sgx.com/sites/default/files/2018-09/Titan DTDC Environment Document Addendum for Flex Futures.pdf
Titan DTDC Environment Document Addendum - TAIC	1.0	19 Apr 2017	https://api2.sgx.com/sites/default/files/2018-09/Titan+DTDC+Environment+Document+Addendum+V1.0+(190417).pdf
SGX  Iron Ore Strip Trading Overview	1.2	30 Dec 2020	https://api2.sgx.com/sites/default/files/2021-01/Iron%20Ore%20Strip%20Trading%20Overview_Dec%2020.pdf
SGX Volatility Control Mechanisms and Risk Safeguards	2.0	18 Nov 2025	https://api2.sgx.com/sites/default/files/2025-11/SGX%20Volatility%20Control%20Mechanisms%20and%20Risk%20Safeguards_v2.pdf?destination=/media/145546
-- OMNet API --			
Titan Genium OMnet API Specifications	2.8	14 Jul 2026	https://api2.sgx.com/sites/default/files/2026-07/SGX%20Titan%20API%20Specifications%20v2.8.pdf
Titan Genium OMnet Application Programmer's Interface Manual	5.0.40.x	05 Dec 2025	https://api2.sgx.com/sites/default/files/2025-12/OMnet_API_SGX_va97.pdf
Titan Genium OMnet Message Reference	5.0.50.x	16 Jun 2026	https://api2.sgx.com/sites/default/files/2026-06/OMnet_MessRef_SGX_va42.pdf
Titan Genium System Error Messages Reference	5.0.10.x	08 Dec 2023	https://api2.sgx.com/sites/default/files/2023-12/SystemError_MessRef_SGX_va2746.pdf?destination=/media/97833
-- ITCH and OUCH --			
Titan OUCH Protocol Specification	2.4	05 Mar 2024	https://api2.sgx.com/sites/default/files/2024-03/SGX%20Titan_OUCH_ProtocolSpecs_Rev2.4.pdf?destination=/media/103301
Titan ITCH & GLIMPSE Protocol Specification	2.6	31 Jul 2026	https://api2.sgx.com/sites/default/files/2026-08/SGX%20Titan%20ITCH%20GLIMPSE%20Protocol%20Specifications%20v2.6.pdf
-- Report Specifications --			
Titan Clearing Member Reports Overview	4.1	7 Apr 2026	https://api2.sgx.com/sites/default/files/2026-04/SGX%20-%20Titan%20Report%20Spec_v4_1_20042026%20Final.pdf
Titan Clearing Member Reports Manual	1.5	18 Aug 2025	https://api2.sgx.com/sites/default/files/2025-08/Titan%20Clearing%20Member%20Reports%20Manual_v1.5_180825.xlsx?destination=/media/138844
Titan Sample Collateral Reports	1.3	7 Apr 2026	https://api2.sgx.com/sites/default/files/2026-04/Titan%20Sample%20Collateral%20Reports.zip
-- Titan Pre-Trade Risk Controls (PTRC) --			
Titan PTRC User Guide	5.0.4.2	28 Jun 2024	https://api2.sgx.com/sites/default/files/2024-06/TradeGuard_UG_SGX_v14.pdf?destination=/media/110861
Titan PTRC Training - November 2023	5.0	24 Nov 2023	https://api2.sgx.com/sites/default/files/2024-08/Titan%20Pre-Trade%20Risk%20Controls%20%28PTRC%29%20Nov%202023.pdf?destination=/media/96878
Titan PTRC Factsheet	1.0	8 Jan 2025	https://api2.sgx.com/sites/default/files/2025-01/TitanDTDC_PTRC%20Factsheet%20v1.0.pdf?destination=/media/123963
-- Titan Clearing Workstation (CW2) --			
Titan CW2 Training & Demo Guide - November 2024	3.0	19 Nov 2024	https://api2.sgx.com/sites/default/files/2024-11/Titan%20CW2%20Training%20%26%20Demo%20Guide%20-%20November%202024.pdf?destination=/media/120629
Titan CW2 User Guide	5.0.10	28 Jun 2024	https://api2.sgx.com/sites/default/files/2024-06/CW2_UG_SGX_va50.pdf?destination=/media/110862
Titan CW2 User Guide - Report Trade	1.1	18 Feb 2025	https://api2.sgx.com/sites/default/files/2025-02/Titan%20CW2%20User%20Guide%20-%20Report%20Trade%20%28v1.1%29.pdf?destination=/media/126793
-- GlobalSign Certificate --		02 Feb 2016	
GlobalSign Non-public Root and Intermediary CA	1.0	08 Jun 2016	https://api2.sgx.com/sites/default/files/2018-09/GlobalSign Non-public Root and Intermediary CA.zip
-- Documentation --			
Titan Conformance Test Scope for ITCH OUCH	2.0	09 Sep 2019	https://api2.sgx.com/sites/default/files/2019-09/SGX%20TITAN%20-%20Conformance%20Test%20Scope%20for%20ITCH%20OUCH%20v2.0.pdf
Titan Conformance Test Scope for OMnet API - Trading Market Data and Drop Copy	1.4	09 Sep 2019	https://api2.sgx.com/sites/default/files/2019-09/SGX%20TITAN%20-%20OMnet%20API%20Conformance%20Test%20Scope%20for%20Trading%20Market%20Data%20and%20Drop%20Copy%20v1.4.pdf
Titan Conformance Test Scope for OMnet API - Clearing	1.1	14 May 2020	https://api2.sgx.com/sites/default/files/2020-05/SGX%20TITAN%20-%20OMNET%20API%20Conformance%20Test%20Scope%20for%20Clearing%20v1.1.pdf
-- Conformance Test Cases --			
Titan Conformance Test Cases - ITCH OUCH	3.0	09 Sep 2019	https://api2.sgx.com/sites/default/files/2019-09/Titan%20Conformance%20Test%20Cases%20-%20ITCH%20OUCH%20v3.0.zip
Titan Conformance Test Cases - Trading Market Data and Drop Copy (Part1)	2.0	09 Sep 2019	https://api2.sgx.com/sites/default/files/2019-09/Titan%20Conformance%20Test%20Cases%20for%20OMnet%20API%20-%20Trading%20Market%20Data%20and%20Drop%20Copy%20v2.0%20%28Part%201%29.zip
Titan Conformance Test Cases - Trading Market Data and Drop Copy (Part2)	2.0	09 Sep 2019	https://api2.sgx.com/sites/default/files/2019-09/Titan%20Conformance%20Test%20Cases%20for%20OMnet%20API%20-%20Trading%20Market%20Data%20and%20Drop%20Copy%20v2.0%20%28Part%202%29.zip
Titan Conformance Test Cases - Clearing System (Part 1)	2.1	14 May 2020	https://api2.sgx.com/sites/default/files/2020-05/Titan%20Conformance%20Test%20Cases%20-%20Clearing%20System%20v2.1%20-%20Part%201.zip
Titan Conformance Test Cases - Clearing System (Part 2)	2.1	14 May 2020	https://api2.sgx.com/sites/default/files/2020-05/Titan%20Conformance%20Test%20Cases%20-%20Clearing%20System%20v2.1%20-%20Part%202.zip
-- Recovery Test Cases --			
Titan Recovery Test Cases - Trading OMnet API - NF-T001	1.0	22 Apr 2021	https://api2.sgx.com/sites/default/files/2021-04/Titan-Trading-API_NF-T001%20-%20Failover%20v1.0.pdf
Titan Recovery Test Cases - Trading OUCH API - NF-O001	1.0	22 Apr 2021	https://api2.sgx.com/sites/default/files/2021-04/Titan-Trading-OUCH_NF-O001%20-%20Failover%20v1.0.pdf
Titan Recovery Test Cases - Clearing OMnet API - NF-C001	1.0	22 Apr 2021	https://api2.sgx.com/sites/default/files/2021-04/Titan-Clearing-API_NF-C001%20-%20Failover%20v1.0.pdf
-- Titan Hardware Refresh SR11 IWT 2 Test Cases (23/Sep - 22/Oct)  --			
01. Titan HW Refresh Test Plan - Overview	3.0	20 Sep 2023	https://api2.sgx.com/sites/default/files/2023-09/01.%20Titan%20HW%20Refresh%20Test%20Plan%20-%20Overview%20v3.0_.pdf
02. Appendix A1 - Trading Sessions	3.0	20 Sep 2023	https://api2.sgx.com/sites/default/files/2023-09/02.%20Appendix%20A1%20-%20Trading%20Sessions%20v3.0.pdf
03. Appendix A2 - Trading (OMnet, Dropcopy, OUCH)	3.0	20 Sep 2023	https://api2.sgx.com/sites/default/files/2023-09/03.%20Appendix%20A2%20-%20Trading%20%28OMNet%2C%20Dropcopy%2C%20OUCH%29%20-%20v3.0.docx
04. Appendix A3 - Market Data (OMNet, ITCH, Glimpse)	3.0	20 Sep 2023	https://api2.sgx.com/sites/default/files/2023-09/04.%20Appendix%20A3%20-%20Market%20Data%20%28OMNet%2C%20ITCH%2C%20GLIMPSE%29%20-%20v3.0.docx
05. Appendix A4 - Clearing (Clearing API, CW2, PTRC)	3.0	20 Sep 2023	https://api2.sgx.com/sites/default/files/2023-09/05.%20Appendix%20A4%20-%20Clearing%20%28Clearing%20API%2C%20CW2%2C%20PTRC%29%20-%20v3.0.docx
Test Services Portal - User Guide for Titan IWT	1.0	29 Aug 2023	https://api2.sgx.com/sites/default/files/2023-08/TestSvcPortal_UserGuide_TitanRefresh_IWT_v1.pdf?destination=/media/91127
OMnet API Header File	5.0.30.1	7 Feb 2025	https://api2.sgx.com/sites/default/files/2025-03/OMnet%20API%20Header%20File%20SR13.zip
OAPI Libraries LNXRHEL7 X8664	5.0.10.1	06 Apr 2023	https://api2.sgx.com/sites/default/files/2023-04/OAPI%20Libraries%20LNXRHEL7%20x8664%20ver_5.0.10.1.zip?destination=/media/82098
OAPI Libraries LNXRHEL8 X8664	5.0.10.1	06 Apr 2023	https://api2.sgx.com/sites/default/files/2023-04/OAPI%20Libraries%20LNXRHEL8%20x8664%20ver_5.0.10.1.zip?destination=/media/82099
OAPI Libraries LNXRHEL9 X8664	5.0.40.1	5 Dec 2025	https://api2.sgx.com/sites/default/files/2025-12/oapi_sgx_5.0.40.1_lnxrhel9-x8664-gcc_0.zip
OAPI Libraries WNT100 X8632 VS15+	5.0.10.1	06 Apr 2023	https://api2.sgx.com/sites/default/files/2023-04/OAPI%20Libraries%20WNT100%20x8632%20VS15%2B%20ver_5.0.10.1.zip?destination=/media/82100
OAPI Libraries WNT100 X8664 VS15+	5.0.10.1	06 Apr 2023	https://api2.sgx.com/sites/default/files/2023-04/OAPI%20Libraries%20WNT100%20x8664%20VS15%2B%20ver_5.0.10.1.zip?destination=/media/82101
Red Hat Enterprise Linux ES Release 5.6 - Tikanga - 64-bit	4.1.1302	10 Dec 2015	https://api2.sgx.com/sites/default/files/2018-09/Red Hat Enterprise Linux ES Release 5.6 - Tikanga - 64-bit.zip
Red Hat Enterprise Linux ES Release 6.4 - Santiago - 64-bit	4.1.1302	10 Dec 2015	https://api2.sgx.com/sites/default/files/2018-09/Red Hat Enterprise Linux ES Release 6.4 - Santiago - 64-bit.zip
Red Hat Enterprise Linux ES Release 7.0 - 64-bit	4.1.1307	10 May 2016	https://api2.sgx.com/sites/default/files/2018-09/Red Hat Enterprise Linux ES Release 7.0 - 64-bit.zip
Windows 2003 NT 5.2 SP1 (Visual Studio 8) - 32-bit	4.1.1302	10 Dec 2015	https://api2.sgx.com/sites/default/files/2018-09/Windows 2003 NT 5.2 SP1 (Visual Studio 8) - 32-bit.zip
Windows 2008 NT 6.0 SP2 (Visual Studio 9) - 64-bit	4.1.1302	10 Dec 2015	https://api2.sgx.com/sites/default/files/2018-09/Windows 2008 NT 6.0 SP2 (Visual Studio 9) - 64-bit.zip
Windows 2008 R2 NT 6.1 SP1 (Visual Studio 10) - 32-bit	4.1.1302	10 Dec 2015	https://api2.sgx.com/sites/default/files/2018-09/Windows 2008 R2 NT 6.1 SP1 (Visual Studio 10) - 32-bit.zip
Windows 2012 Server NT 6.3 - 64-bit	4.1.1304	22 Dec 2015	https://api2.sgx.com/sites/default/files/2018-09/Windows 2012 Server NT 6.3 - 64-bit.zip
Titan Members Engagement - Service Release 8 - March Briefing	1.1	20 Apr 2021	https://api2.sgx.com/sites/default/files/2021-04/Titan%20SR8%20March%20Briefing%20V1.1.pdf
Titan Members Engagement - Service Release 8 - Introduction & Overview	1.2	20 Apr 2021	https://api2.sgx.com/sites/default/files/2021-04/Titan%20DTDC%20SR8%20Intro%20and%20Overview%20v1.2.pdf
Titan Members Engagement - Service Release 4 - FAQ	1.2	01 Aug 2018	https://api2.sgx.com/sites/default/files/2018-12/Titan%20DTDC%20SR4%20FAQ.pdf
Titan Members Engagement - Service Release 4 - Briefing July-2018	2.0	17 Jul 2018	https://api2.sgx.com/sites/default/files/2018-12/Titan%20DTDC%20SR4%20Briefing%20July-2018.pdf
Titan Members Engagement - Service Release 4 - 09 Mar 2018 (Updated 28 Jun 2018)	3.0	28 Jun 2018	https://api2.sgx.com/sites/default/files/2018-12/Titan%20Members%20Engagement%20-%20Service%20Release%204%20-%2009%20Mar%202018%20%28Updated%2028%20Jun%202018%29.pdf
Titan Members Engagement #9 - Go-Live Updates - 26 Oct 2016	1.0	26 Oct 2016	https://api2.sgx.com/sites/default/files/2018-12/Titan%20Members%20Engagement%209%20-%20Go-Live%20Updates%20-%2026%20Oct%202016.pdf
Titan Members Engagement #8 - Go-Live Briefing - 21 Sep 2016	1.0	21 Sep 2016	https://api2.sgx.com/sites/default/files/2018-12/Titan%20Members%20Engagement%208%20-%20Go-Live%20Briefing%20-%2021%20Sep%202016.pdf
Titan Members Engagement #7 - Preparation for IWT - 21 Jul 2016	1.0	21 Jul 2016	https://api2.sgx.com/sites/default/files/2018-12/Titan%20Members%20Engagement%207%20-%20Preparation%20for%20IWT%20-%2021%20Jul%202016.pdf
Titan Members Engagement #6 - Market Access & Migration - 14 Mar 2016	1.0	14 Mar 2016	https://api2.sgx.com/sites/default/files/2018-12/Titan%20Members%20Engagement%206%20-%20Market%20Access%20%26%20Migration%20-%2014%20Mar%202016.pdf
Titan Members Engagement #5 - Technical Briefing 2 - 27 Jan 2016	1.0	27 Jan 2016	https://api2.sgx.com/sites/default/files/2018-12/Titan%20Members%20Engagement%205%20-%20Technical%20Briefing%202%20-%2027%20Jan%202016.pdf
Titan Members Engagement #4 - Collateral Management - 22 Sep 2015	1.2	22 Sep 2015	https://api2.sgx.com/sites/default/files/2018-12/Titan%20Members%20Engagement%204%20-%20Collateral%20Management%20-%2022%20Sep%202015.pdf
Titan Members Engagement #3 - Market Access Briefing - 26 Aug 2015	1.0	26 Aug 2015	https://api2.sgx.com/sites/default/files/2018-12/Titan%20Members%20Engagement%203%20-%20Market%20Access%20Briefing%20-%2026%20Aug%202015.pdf
Titan Members Engagement #2 - Technical Briefing - 29 Apr 2015	1.0	29 Apr 2015	https://api2.sgx.com/sites/default/files/2018-12/Titan%20Members%20Engagement%202%20-%20Technical%20Briefing%20-%2029%20Apr%202015.pdf
Titan Members Engagement #1 - Introduction & Overview - 11 Feb 2015	1.0	11 Feb 2015	https://api2.sgx.com/sites/default/files/2018-12/Titan%20Members%20Engagement%201%20-%20Introduction%20Overview%20-%2011%20Feb%202015.pdf
Titan DTDC Newsletter - Titan DT/DC Readiness for New Primary Data Center	1.0	01 Sep 2026	https://api2.sgx.com/sites/default/files/2026-08/Titan%20DTDC%20Readiness%20for%20New%20Primary%20Data%20Center.pdf?destination=/media/165379
Titan DTDC Newsletter - Dissemination of Funding Rates via ITCH	1.0	29 May 2026	https://api2.sgx.com/sites/default/files/2026-05/Titan%20DTDC%20Newsletter%20-%20Dissemination%20of%20Funding%20Rates%20via%20ITCH_0.pdf
Titan DTDC Newsletter - Weekly Options on Nikkei Futures	2.0	10 Mar 2026	https://api2.sgx.com/sites/default/files/2026-03/Titan%20DTDC%20Newsletter%20-%20Weekly%20Options%20on%20Nikkei%20Futures_1.pdf?destination=/media/153037
Titan DTDC Newsletter - Price Quotation Factor (PQF), Contract Size, Price Unit Premium and Nominal Value in Instrument Class and Underlying on the Instrument (Revised)	2.0	27 Nov 2025	https://api2.sgx.com/sites/default/files/2025-11/Titan%20DTDC%20Newsletter%20-%20PQF%20and%20Contract%20Size%20%28Revised%29%2027%20Nov%202025.pdf?destination=/media/146116
Titan DTDC Newsletter - Perpetual Futures Instrument Structure and Trading Session Timings Etc	1.0	24 Oct 2025	https://api2.sgx.com/sites/default/files/2025-11/Titan%20DTDC%20Newsletter%20-%20Perpetual%20Futures%20Instrument%20Structure%20and%20Trading%20Session%20Timings%20Etc.pdf?destination=/media/143888
Titan DTDC Newsletter - Member Ledger Report_CW2 and PTRC Certificate Renewal	1.0	11 Aug 2025	https://api2.sgx.com/sites/default/files/2025-08/Titan%20DTDC%20Newsletter%20-%20Member%20Ledger%20Report_CW2%20and%20PTRC%20Certificate%20Renewal.pdf?destination=/media/138763
Titan DTDC Newsletter - Perpetual Futures (Revised)	2.0	9 May 2025	//api2.sgx.com/sites/default/files/2025-05/Titan DTDC Newsletter - Perpetual Futures_v2.pdf
Titan DTDC Newsletter - Managing API Login and Connection Protocol	1.0	26 Feb 2025	https://api2.sgx.com/sites/default/files/2025-02/Titan%20DTDC%20Newsletter%20-%20Managing%20API%20Login%20and%20Connection%20Protocol.pdf
Titan DTDC Newsletter - Revision of T+1 Trading Hours for SGX Equity and Dividend Index Derivatives and US SSF	1.0	24 Feb 2025	https://api2.sgx.com/sites/default/files/2025-02/Titan%20DTDC%20Newsletter%20-%20Revision%20of%20T%2B1%20Trading%20Hours%20for%20SGX%20Equity%20and%20Dividend%20Index%20Derivatives%20and%20US%20SSF.pdf
Titan DTDC Newsletter - Service Release 13	1.0	20 Jan 2025	https://api2.sgx.com/sites/default/files/2025-01/Titan%20DTDC%20Newsletter%20-%20Service%20Release%2013.pdf
Titan DTDC Newsletter - SR12.5, Japan Derivatives Trading Hours Extension and I2 Timing Change	1.0	28 Aug 2024	https://api2.sgx.com/sites/default/files/2024-08/Titan%20DTDC%20Newsletter%20-%20SR12.5%2C%20Japan%20Derivatives%20Trading%20Hours%20Extension%20and%20I2%20Timing%20Change.pdf?destination=/media/114850
Titan DTDC Newsletter - TONA and SORA Futures	1.0	10 Jul 2024	https://api2.sgx.com/sites/default/files/2024-07/Titan%20DTDC%20Newsletter%20-%20TONA%20and%20SORA%20Futures_1.pdf?destination=/media/111634
Titan DTDC Newsletter - GIFT Connect Service Release 2 –Postponed	1.0	26 Jun 2024	https://api2.sgx.com/sites/default/files/2024-06/Titan%20DTDC%20Newsletter-%20GIFT%20SR2%20-%20Postponed_0.pdf?destination=/media/110675
Titan DTDC Newsletter - JB Implied Out with Baits_FIA Tech Tag 1031	1.0	16 Apr 2024	https://api2.sgx.com/sites/default/files/2024-04/Titan%20DTDC%20Newsletter%20-%20JB%20Implied%20Out%20with%20Baits_FIA%20Tech%20Tag%201031.pdf?destination=/media/105917
Titan DTDC Newsletter - GIFT Connect SR2 - NSE IX Weekly Options	1.0	4 Apr 2024	https://api2.sgx.com/sites/default/files/2024-04/Titan%20DTDC%20Newsletter%20-%20GIFT%20Connect%20SR2%20-%20NSE%20IX%20Weekly%20Options_0.pdf?destination=/media/105256
Titan DTDC Newsletter - SR12 - Postponed	1.0	7 Mar 2024	https://api2.sgx.com/sites/default/files/2024-03/Titan%20DTDC%20Newsletter%20-%20SR12%20-%20Postponed_1.pdf?destination=/media/103480
Titan DTDC Newsletter- SR12 and BD6 Broadcast	1.0	20 Feb 2024	https://api2.sgx.com/sites/default/files/2024-02/Titan%20DTDC%20Newsletter%20-%20SR12%20and%20Broadcast%20BD6.pdf?destination=/media/102282
Titan DTDC Newsletter - Updates to SR11 Industry Wide Exercise 2 - 23 Sep 2023	1.0	20 Sep 2023	https://api2.sgx.com/sites/default/files/2023-09/Titan%20DTDC%20Upgrade%20Newsletter%20IWT2%202023-09-23.pdf?destination=/media/92641
Titan DTDC Newsletter - Updates to  SR11 Industry Wide Exercise	1.0	29 Aug 2023	https://api2.sgx.com/sites/default/files/2023-08/Titan%20DTDC%20Newsletter%20-%20SR11%20Industry%20Wide%20Exercise.pdf?destination=/media/91128
Titan DTDC Newsletter - Proposed T+1 Trading for United States SSF	1.0	13 Jul 2023	https://api2.sgx.com/sites/default/files/2023-07/Titan%20DTDC%20Newsletter%20-%20US%20SSF%20T%2B1%20Trading_1.pdf?destination=/media/88181
Titan DTDC Newsletter - SR11 Titan DTDC Hardware Refresh	1.0	06 Jun 2023	https://api2.sgx.com/sites/default/files/2023-06/Titan%20DTDC%20Newsletter%20-%20Titan%20DTDC%20Hardware%20Refresh.pdf?destination=/media/85858
Titan DTDC Newsletter - Quarter Strip Trading for WMP and SMP Dairy Futures	1.0	27 May 2022	https://api2.sgx.com/sites/default/files/2022-05/Titan%20DTDC%20Newsletter%20-%20Quarter%20Strip%20Trading%20for%20WMP%20and%20SMP%20Dairy%20Futures.pdf
Titan DTDC Newsletter - Mandatory use of SGX-assigned STP Key	1.0	18 Jan 2022	https://api2.sgx.com/sites/default/files/2022-01/Titan%20DTDC%20Newsletter%20-%20Mandatory%20use%20of%20SGX-assigned%20STP%20Key.pdf
Titan DTDC Newsletter - STP Enhancement	2.0	18 Jan 2022	https://api2.sgx.com/sites/default/files/2022-01/Titan%20DTDC%20Newsletter%20-%20STP%20Enhancement_v2.pdf
Titan DTDC Newsletter - GIFT Data Connect	1.0	22 Oct 2021	https://api2.sgx.com/sites/default/files/2021-10/Titan%20DTDC%20Newsletter%20-%20GIFT%20Data%20Connect.pdf
Titan DTDC Newsletter - SSF Combo Series, Reference Price Publication & CW2	1.0	01 Sep 2021	https://api2.sgx.com/sites/default/files/2021-09/Titan%20DTDC%20Newsletter%20-%20SSF%20Combo_RefPrice_CW2.pdf
Titan DTDC Newsletter - SR8 Connectivity Test & Bachelier Model	1.0	16 Jul 2021	https://api2.sgx.com/sites/default/files/2021-07/Titan%20DTDC%20Newsletter%20-%20SR8%20Connectivity%20Test%20%26%20Bachelier%20Model.pdf
Titan DTDC Newsletter - SR8 Deployment & Connectivity Test	1.0	17 Jun 2021	https://api2.sgx.com/sites/default/files/2021-06/Titan%20DTDC%20Newsletter%20-%20SR8%20Deployment%20%26%20Connectivity%20Test.pdf
Titan DTDC Newsletter - SR8 and General Updates 2	1.0	20 Apr 2021	https://api2.sgx.com/sites/default/files/2021-04/Titan%20DTDC%20Newsletter%20-%20SR8%20and%20Gen%20Updates%20II.pdf
Titan DTDC Newsletter - SR8 and General Updates	1.0	12 Mar 2021	https://api2.sgx.com/sites/default/files/2021-03/Titan%20DTDC%20Newsletter%20-%20SR8%20and%20Gen%20Updates.pdf
Titan DTDC Newsletter - Service Release 7	1.0	23 Oct 2020	https://api2.sgx.com/sites/default/files/2020-10/Titan%20DTDC%20Newsletter%20SR7.pdf
Titan DTDC Newsletter - SG SSF and Cal Spread Go Live	1.0	27 May 2020	https://api2.sgx.com/sites/default/files/2020-05/Titan%20DTDC%20Newsletter%20-%20SG%20SSF%20and%20Cal%20Spread%20Go%20Live.pdf
Titan DTDC Newsletter - Negative Price Test & SSF Series Name	1.0	15 May 2020	https://api2.sgx.com/sites/default/files/2020-05/Titan%20DTDC%20Newsletter%20-%20Negative%20Price%20Test_SSF%20Series%20Name.pdf
Titan DTDC Newsletter - SG SSF and CW2	2.0	15 Apr 2020	https://api2.sgx.com/sites/default/files/2020-04/Titan%20DTDC%20Newsletter%20-%20SG%20SSF%20and%20CW2%20ver2.pdf
Titan DTDC Newsletter - Addition of Type P Records to SGX SPAN	1.0	02 Dec 2019	https://api2.sgx.com/sites/default/files/2019-12/Titan%20DTDC%20Newsletter%20-%20Addition%20of%20P%20Records%20to%20SPAN.pdf
Titan DTDC Newsletter - Reminder on Extension of T+1 Trading Hours	1.0	05 Nov 2019	https://api2.sgx.com/sites/default/files/2019-11/Titan%20DTDC%20Newsletter%20-%20Reminder%20on%20Ext%20of%20T%2B1.pdf
Titan DTDC Newsletter - Extension of T+1 Trading Hours Go Live Schedule	1.0	08 Oct 2019	https://api2.sgx.com/sites/default/files/2019-10/Titan%20DTDC%20Newsletter%20-%20Ext%20of%20T%2B1%20Trading%20Hours%20Go%20Live%20Schedule.pdf
Titan DTDC Newsletter - Extension of T+1 Trading Hours and CW2 Updates	1.0	26 Aug 2019	https://api2.sgx.com/sites/default/files/2019-08/Titan%20DTDC%20Newsletter%20-%20Ext%20of%20T%2B1%20%26%20CW2%20Updates_0.pdf
Titan DTDC Newsletter - Extension of T+1 Trading Hours	1.0	15 Jul 2019	https://api2.sgx.com/sites/default/files/2019-07/Titan%20DTDC%20Newsletter%20-%20Extension%20of%20T%2B1%20Trading%20Hours_0.pdf
Titan DTDC Newsletter - Delivery Start Date (Revised)	1.1	04 Jun 2019	https://api2.sgx.com/sites/default/files/2019-06/Titan%20DTDC%20Newsletter%20-%20Delivery%20Start%20Date%20%28Revised%29.pdf
Titan DTDC Newsletter - Broadcast BI63	1.0	21 Mar 2019	https://api2.sgx.com/sites/default/files/2019-03/Titan%20DTDC%20Newsletter%20-%20Broadcast%20BI63.pdf
Titan DTDC Newsletter - Service Release 4	1.0	15 Mar 2018	https://api2.sgx.com/sites/default/files/2018-12/Titan%20DTDC%20Newsletter%20-%20Service%20Release%204.pdf
Titan DTDC Newsletter - Reminder SR3 Go-live	1.0	17 Jan 2018	https://api2.sgx.com/sites/default/files/2018-12/Titan%20DTDC%20Newsletter%20-%20Reminder%20SR3%20Go-live.pdf
Titan DTDC Newsletter - Single stock futures and general updates	1.0	15 Dec 2017	https://api2.sgx.com/sites/default/files/2018-12/Titan%20DTDC%20Newsletter%20-%20Single%20stock%20futures%20and%20general%20updates.pdf
Titan DTDC Newsletter - Proposed Launch of Single Stock Futures	1.0	31 Oct 2017	https://api2.sgx.com/sites/default/files/2018-12/Titan%20DTDC%20Newsletter%20-%20Proposed%20Launch%20of%20Single%20Stock%20Futures.pdf
Titan DTDC Newsletter - SR3 postponed	1.0	20 Oct 2017	https://api2.sgx.com/sites/default/files/2018-12/Titan%20DTDC%20Newsletter%20-%20SR3%20postponed.pdf
Titan DTDC Newsletter - Change of Trading Hours	1.0	21 Sep 2017	https://api2.sgx.com/sites/default/files/2018-12/Titan%20DTDC%20Newsletter%20-%20Change%20of%20Trading%20Hours.pdf
Titan DTDC Newsletter - Early Release of SPAN Risk Margin for NK	1.0	25 Aug 2017	https://api2.sgx.com/sites/default/files/2018-12/Titan%20DTDC%20Newsletter%20-%20Early%20Release%20of%20SPAN%20Risk%20Margin%20for%20NK.pdf
Titan DTDC Newsletter - SR3 Release Notes	1.0	14 Jul 2017	https://api2.sgx.com/sites/default/files/2018-12/Titan%20DTDC%20Newsletter%20-%20SR3%20Release%20Notes.pdf
Titan DTDC Newsletter - SR2 Go-live	1.0	23 May 2017	https://api2.sgx.com/sites/default/files/2018-12/Titan%20DTDC%20Newsletter%20-%20SR2%20Go-live.pdf
Titan DTDC Newsletter - SR2 Release Notes	1.0	03 Apr 2017	https://api2.sgx.com/sites/default/files/2018-12/Titan%20DTDC%20Newsletter%20-%20SR2%20Release%20Notes.pdf
Titan DTDC Newsletter - SR1 Release Notes	1.0	01 Mar 2017	https://api2.sgx.com/sites/default/files/2018-12/Titan%20DTDC%20Newsletter%20-%20SR1%20Release%20Notes.pdf
Titan DTDC Newsletter - Key Information for Clearing Members	1.0	21 Oct 2016	https://api2.sgx.com/sites/default/files/2018-12/Titan%20DTDC%20Newsletter%20-%20Key%20Information%20for%20Clearing%20Members.pdf
Titan DTDC Newsletter - Important Updates to Go-Live Date	1.0	21 Oct 2016	https://api2.sgx.com/sites/default/files/2018-12/Titan%20DTDC%20Newsletter%20-%20Important%20Updates%20to%20Go-Live%20Date.pdf
Titan DTDC Newsletter - Technical Bulletin	1.0	14 Oct 2016	https://api2.sgx.com/sites/default/files/2018-12/Titan%20DTDC%20Newsletter%20-%20Technical%20Bulletin.pdf
Titan DTDC Newsletter - Important Updates	1.0	06 Oct 2016	https://api2.sgx.com/sites/default/files/2018-12/Titan%20DTDC%20Newsletter%20-%20Important%20Updates.pdf
Titan DTDC Newsletter - ITCH and OUCH protocol	1.0	30 Aug 2016	https://api2.sgx.com/sites/default/files/2018-12/Titan%20DTDC%20Newsletter%20-%20ITCH%20and%20OUCH%20protocol.pdf
Titan DTDC Newsletter - Combo Leg Pricing	1.0	10 Aug 2016	https://api2.sgx.com/sites/default/files/2018-12/Titan%20DTDC%20Newsletter%20-%20New%20Feature%20Overview%203%20%28Combo%20Leg%20Pricing%29.pdf
Titan DTDC Newsletter - Extended Trading Hours, Price Limits and Trade at Settlement	1.0	27 Jul 2016	https://api2.sgx.com/sites/default/files/2018-12/Titan%20DTDC%20Newsletter%20-%20Extended%20Trading%20Hours%2C%20Price%20Limits%20and%20Trade%20at%20Settlement.pdf
Titan DTDC Newsletter - Self Trade Prevention and Mass Quote Protection	1.0	18 Jul 2016	https://api2.sgx.com/sites/default/files/2018-12/Titan%20DTDC%20Newsletter%20-%20Self%20Trade%20Prevention%20and%20Mass%20Quote%20Protection.pdf
