2024-12-31	2025-01-02	20241220155340	4174	https://www.cmegroup.com/services/trading-hours-by-product?id=316,133,425,300,58,437,22,8478,5201,10191&pageNumber=1&pageSize=999&sortAsc=true&fromEventDate=2024-12-31&toEventDate=2025-01-02&isProtected&_t=1734710019538
2025-01-19	2025-01-21	20241220155340	4142	https://www.cmegroup.com/services/trading-hours-by-product?id=316,133,425,300,58,437,22,8478,5201,10191&pageNumber=1&pageSize=999&sortAsc=true&fromEventDate=2025-01-19&toEventDate=2025-01-21&isProtected&_t=1734710019539
2025-02-16	2025-02-18	20241220155340	4124	https://www.cmegroup.com/services/trading-hours-by-product?id=316,133,425,300,58,437,22,8478,5201,10191&pageNumber=1&pageSize=999&sortAsc=true&fromEventDate=2025-02-16&toEventDate=2025-02-18&isProtected&_t=1734710019540
2025-04-17	2025-04-19	20241220155340	4054	https://www.cmegroup.com/services/trading-hours-by-product?id=316,133,425,300,58,437,22,8478,5201,10191&pageNumber=1&pageSize=999&sortAsc=true&fromEventDate=2025-04-17&toEventDate=2025-04-19&isProtected&_t=1734710019542
2025-05-25	2025-05-27	20241220155340	4126	https://www.cmegroup.com/services/trading-hours-by-product?id=316,133,425,300,58,437,22,8478,5201,10191&pageNumber=1&pageSize=999&sortAsc=true&fromEventDate=2025-05-25&toEventDate=2025-05-27&isProtected&_t=1734710019543
2025-06-18	2025-06-20	20241220155340	4189	https://www.cmegroup.com/services/trading-hours-by-product?id=316,133,425,300,58,437,22,8478,5201,10191&pageNumber=1&pageSize=999&sortAsc=true&fromEventDate=2025-06-18&toEventDate=2025-06-20&isProtected&_t=1734710019544
2025-07-03	2025-07-05	20241220155340	4113	https://www.cmegroup.com/services/trading-hours-by-product?id=316,133,425,300,58,437,22,8478,5201,10191&pageNumber=1&pageSize=999&sortAsc=true&fromEventDate=2025-07-03&toEventDate=2025-07-05&isProtected&_t=1734710019545
2025-08-31	2025-09-02	20241220155340	4133	https://www.cmegroup.com/services/trading-hours-by-product?id=316,133,425,300,58,437,22,8478,5201,10191&pageNumber=1&pageSize=999&sortAsc=true&fromEventDate=2025-08-31&toEventDate=2025-09-02&isProtected&_t=1734710019546
2025-11-26	2025-11-28	20241220155340	4167	https://www.cmegroup.com/services/trading-hours-by-product?id=316,133,425,300,58,437,22,8478,5201,10191&pageNumber=1&pageSize=999&sortAsc=true&fromEventDate=2025-11-26&toEventDate=2025-11-28&isProtected&_t=1734710019547
2025-12-24	2025-12-26	20260129012159	4016	https://www.cmegroup.com/services/trading-hours-by-product?id=316,133,425,300,58,437,22,8478,5201,10191&pageNumber=1&pageSize=999&sortAsc=true&fromEventDate=2025-12-24&toEventDate=2025-12-26&isProtected&_t=1769649719078
2025-12-31	2026-01-02	20260619114105	5013	https://www.cmegroup.com/services/trading-hours-by-product?id=316,133,425,300,58,437,22,8478,5201,10191&pageNumber=1&pageSize=999&sortAsc=true&fromEventDate=2025-12-31&toEventDate=2026-01-02&isProtected&_t=1749141516006
2026-01-18	2026-01-20	20260619114105	4984	https://www.cmegroup.com/services/trading-hours-by-product?id=316,133,425,300,58,437,22,8478,5201,10191&pageNumber=1&pageSize=999&sortAsc=true&fromEventDate=2026-01-18&toEventDate=2026-01-20&isProtected&_t=1749141516007
2026-02-15	2026-02-17	20260619114105	4974	https://www.cmegroup.com/services/trading-hours-by-product?id=316,133,425,300,58,437,22,8478,5201,10191&pageNumber=1&pageSize=999&sortAsc=true&fromEventDate=2026-02-15&toEventDate=2026-02-17&isProtected&_t=1749141516009
2026-04-01	2026-04-03	20260619114118	5050	https://www.cmegroup.com/services/trading-hours-by-product?id=316,133,425,300,58,437,22,8478,5201,10191&pageNumber=1&pageSize=999&sortAsc=true&fromEventDate=2026-04-01&toEventDate=2026-04-03&isProtected&_t=1749141516011
2026-05-24	2026-05-26	20260619114105	4974	https://www.cmegroup.com/services/trading-hours-by-product?id=316,133,425,300,58,437,22,8478,5201,10191&pageNumber=1&pageSize=999&sortAsc=true&fromEventDate=2026-05-24&toEventDate=2026-05-26&isProtected&_t=1749141516014
2026-06-17	2026-06-19	20260129012310	4074	https://www.cmegroup.com/services/trading-hours-by-product?id=316,133,425,300,58,437,22,8478,5201,10191&pageNumber=1&pageSize=999&sortAsc=true&fromEventDate=2026-06-17&toEventDate=2026-06-19&isProtected&_t=1769649789748
2026-06-18	2026-06-20	20260619113404	4994	https://www.cmegroup.com/services/trading-hours-by-product?id=316,133,425,300,58,437,22,8478,5201,10191&pageNumber=1&pageSize=999&sortAsc=true&fromEventDate=2026-06-18&toEventDate=2026-06-20&isProtected&_t=1749141523693
2026-07-02	2026-07-04	20260129012216	3982	https://www.cmegroup.com/services/trading-hours-by-product?id=316,133,425,300,58,437,22,8478,5201,10191&pageNumber=1&pageSize=999&sortAsc=true&fromEventDate=2026-07-02&toEventDate=2026-07-04&isProtected&_t=1769649735770
2026-07-03	2026-07-05	20260619114108	4905	https://www.cmegroup.com/services/trading-hours-by-product?id=316,133,425,300,58,437,22,8478,5201,10191&pageNumber=1&pageSize=999&sortAsc=true&fromEventDate=2026-07-03&toEventDate=2026-07-05&isProtected&_t=1749141516018
2026-09-06	2026-09-08	20260830142930	5011	https://www.cmegroup.com/services/trading-hours-by-product?id=316,133,425,300,58,437,22,8478,5201,10191&pageNumber=1&pageSize=999&sortAsc=true&fromEventDate=2026-09-06&toEventDate=2026-09-08&isProtected&_t=1720049954497
2026-11-25	2026-11-27	20260830142904	5046	https://www.cmegroup.com/services/trading-hours-by-product?id=316,133,425,300,58,437,22,8478,5201,10191&pageNumber=1&pageSize=999&sortAsc=true&fromEventDate=2026-11-25&toEventDate=2026-11-27&isProtected&_t=1720049954500
2026-12-23	2026-12-25	20260310063244	4983	https://www.cmegroup.com/services/trading-hours-by-product?id=316,133,425,300,58,437,22,8478,5201,10191&pageNumber=1&pageSize=999&sortAsc=true&fromEventDate=2026-12-23&toEventDate=2026-12-25&isProtected&_t=1720050009698
2026-12-24	2026-12-26	20260830142904	4917	https://www.cmegroup.com/services/trading-hours-by-product?id=316,133,425,300,58,437,22,8478,5201,10191&pageNumber=1&pageSize=999&sortAsc=true&fromEventDate=2026-12-24&toEventDate=2026-12-26&isProtected&_t=1720049954503
2026-12-30	2027-01-01	20260310063233	5016	https://www.cmegroup.com/services/trading-hours-by-product?id=316,133,425,300,58,437,22,8478,5201,10191&pageNumber=1&pageSize=999&sortAsc=true&fromEventDate=2026-12-30&toEventDate=2027-01-01&isProtected&_t=1720050009698
2026-12-31	2027-01-02	20260830142904	4985	https://www.cmegroup.com/services/trading-hours-by-product?id=316,133,425,300,58,437,22,8478,5201,10191&pageNumber=1&pageSize=999&sortAsc=true&fromEventDate=2026-12-31&toEventDate=2027-01-02&isProtected&_t=1720049954507
