path	sha256	bytes	mtime_utc
./cdx/cand.txt	c5e04cf079f3a178d34f5cf328743184d9aa60c38a08e782d8b4c7896d0cdca6	4026	2026-09-26T07:25:07Z
./cdx/cc_CC-MAIN-2024-51.json	af479e4b72b9e1bd065988a98b2c0a2a118305218d04c8986163a91948521195	1212	2026-09-26T07:22:05Z
./cdx/cc_CC-MAIN-2025-05.json	d649edbb980ccb7477cf747ee53fb2f7171c535b778dff3c544d3464339276b8	1606	2026-09-26T07:22:09Z
./cdx/cc_CC-MAIN-2025-08.json	2f68edd6837c68e826f3058c2962f8ef5ed99b48c1456c1a2bf15af37c073827	3823	2026-09-26T07:22:11Z
./cdx/cc_CC-MAIN-2025-13.json	e9f98694a326ade5b1714b29b5a5759974de769de8b6f9ce48c2078f410ef735	1567	2026-09-26T07:22:18Z
./cdx/cc_CC-MAIN-2025-18.json	3ed2880c2f6203b60dd282b2312a69308fda6276c4e273b40d3d4d5fae76410b	559	2026-09-26T07:22:24Z
./cdx/cc_CC-MAIN-2025-21.json	3ed2880c2f6203b60dd282b2312a69308fda6276c4e273b40d3d4d5fae76410b	559	2026-09-26T07:22:30Z
./cdx/cc_CC-MAIN-2025-26.json	0e30e58ae9053dd770ac8726b2f25f12c8130b3285da81e97939b74da61ea056	1587	2026-09-26T07:22:39Z
./cdx/cc_CC-MAIN-2025-30.json	300396b2524dc454799f83283157e51cc94bc4bf7349e584f79c4139fe47d73b	2706	2026-09-26T07:22:40Z
./cdx/cc_CC-MAIN-2025-33.json	ef00fd3988ceca8f317a8782a00f059ac69c07d8ad85b2e64a934c2eab14f130	549	2026-09-26T07:22:41Z
./cdx/cc_CC-MAIN-2025-38.json	f1874324a4336b3791c02749c6c01c4807a97a7441a4f8bdaa7b0693512cf677	2166	2026-09-26T07:22:44Z
./cdx/cc_CC-MAIN-2025-43.json	c571667ac9cb5075dfeb5b15df57fe362aec2903b73359f2e8322cb929c3ff69	543	2026-09-26T07:22:46Z
./cdx/cc_CC-MAIN-2025-47.json	834e4414a23c69ed96fb134ccd2ff9c7af21acd5c943a6b746beab7b46879b22	2137	2026-09-26T07:22:50Z
./cdx/cc_CC-MAIN-2025-51.json	51d442fd1ea3731705bab606da6b74c3fa23ac2eb092ebf89c657d944987e3a1	1583	2026-09-26T07:22:52Z
./cdx/cc_CC-MAIN-2026-04.json	e9973ba7cc5c42055d15276b5bf95290e0b7d56ebe57a7d786d4e9b2c72ade52	536	2026-09-26T07:22:56Z
./cdx/cc_CC-MAIN-2026-08.json	dbe6bc5223dd36e131a7826fd4b0556f7a889ac0cb803667a2cb6bb4a88de151	1083	2026-09-26T07:22:58Z
./cdx/cc_CC-MAIN-2026-12.json	f8e83b40bea9bd44c91d165191e1f60345ebd3cfd0135c47909b68c583356514	1076	2026-09-26T07:22:59Z
./cdx/cc_CC-MAIN-2026-17.json	22b17462d9967da0ca503a34949bdb83e92822d65e1558d16cbc2d26b957f40b	1119	2026-09-26T07:23:01Z
./cdx/cc_CC-MAIN-2026-21.json	332cfc6dc05924e4ff48ad07a80a627f1dd6481a176ac5d25868a7d280e04206	569	2026-09-26T07:23:12Z
./cdx/cc_CC-MAIN-2026-25.json	d3434cea73e29422f380382f9511f6ffe2fdc1cce25363999a5f220ac7b41bad	549	2026-09-26T07:23:13Z
./cdx/cc_CC-MAIN-2026-30.json	89541d964ac590ee77e9bc199bd00fde660e1b9800c9f0b0be42b8b2c9e8510f	4253	2026-09-26T07:23:14Z
./cdx/cc_CC-MAIN-2026-34.json	bf26fba801c20a0ee351980fd380d4b9cb01f10f1723d1307ef89c470959ff59	3514	2026-09-26T07:23:15Z
./cdx/cc_collinfo.json	fdfe1131836096ec8ff6047997a035acbf464036a2ea09887239c949e0df41f9	35226	2026-09-26T07:21:49Z
./cdx/cc_notices_names.txt	c11fbfc58f40fe3a730c9d766cc780dc9f5e5301cf79f261098f1eae0ea9689c	2250	2026-09-26T07:23:15Z
./cdx/cc_notices_urls.txt	e40d001f8743d0254cb515bd7042aa86f2d9cf534d5c12ed60ffa126c691928c	6024	2026-09-26T07:23:15Z
./cdx/ccdom_CC-MAIN-2025-30.json	4da7bd7b65e7144614690d4a53e476745392842a524a9e1e1932c0ed67c805cf	49	2026-09-26T07:23:21Z
./cdx/ccdom_CC-MAIN-2025-47.json	332cfc6dc05924e4ff48ad07a80a627f1dd6481a176ac5d25868a7d280e04206	569	2026-09-26T07:23:31Z
./cdx/ccdom_CC-MAIN-2026-17.json	4da7bd7b65e7144614690d4a53e476745392842a524a9e1e1932c0ed67c805cf	49	2026-09-26T07:23:33Z
./cdx/cdx_delayedopens_2026may4.json	37517e5f3dc66819f61f5a7bb8ace1921282415f10551d2defa5c3eb0985b570	3	2026-09-26T07:28:17Z
./cdx/cdx_delayedopens.json	73c7d3a6f351e0dbf6d5214337f6584957248a85b377f62a751ed187845f0400	743	2026-09-26T07:28:00Z
./cdx/cdx_ifus_2025_prefix.json	d02d8bb1d0f4c7b08e3ba82dd0ad3d45142cde2efafe6aeb52277e38afe1bef7	769	2026-09-26T07:18:24Z
./cdx/cdx_ifus_2026_prefix.json	7b7a3c538c358fa7df2ecffe3ca296483c6b51cb04a346d05cb92cadd26764e5	397	2026-09-26T07:28:24Z
./cdx/cdx_ifus_2027_prefix.json	37517e5f3dc66819f61f5a7bb8ace1921282415f10551d2defa5c3eb0985b570	3	2026-09-26T07:28:26Z
./cdx/cdx_ifus_annual_hub.json	9f08498d2accddf4b10445393c113d94e202ab4fd58cd04ff278ad9f22c433fa	1069	2026-09-26T07:16:03Z
./cdx/cdx_notices_2025_collapsed.json	dee6d96a2fb06cac0caed2e5ab847dd608bc5cd20d84f0c21d15eb7102a29c89	18112	2026-09-26T07:15:47Z
./cdx/cdx_notices_holiday_all.json	d3710a2d7a4ae4ad3aa11558c276d97bf3d36e1fbb3575cf4a53fabdf08edee8	6586	2026-09-26T07:19:29Z
./cdx/cdx_notices_index_page.json	8ce98f6834bd1baf5337325d44cbc2174e3f76f7b1f1c32d509e35b4b77c44f7	2031	2026-09-26T07:18:07Z
./cdx/cdx_notices_named_all.json	64e0d721da1996b3da241306e370b2353fbf861904911668820051d3ad12794b	562	2026-09-26T07:20:30Z
./cdx/head_sweep_sorted.txt	0f0f86173d8998cf95fd9bdb6bd89933439b1c05e86bcfa027a232b0b5dff0f8	4334	2026-09-26T07:25:23Z
./cdx/head_sweep.txt	d57c9cf2d91ec01200b26a340adb8fa626ccc6e3125bf3b9ef4e5c0e68beb632	4334	2026-09-26T07:25:23Z
./cdx/xmas_sweep.txt	49467a569fde6cda8d510f2f33a098a2be5da620b1922659dfa2ef892a6eba0e	2431	2026-09-26T07:26:30Z
./fetch_err.txt	77c5ec2f1b39b6f18924ade83997d14a14812df112c320489fac20c71837d795	4824	2026-09-26T07:25:40Z
./fetch.sh	822774dec7e25888c71694688f098b2a1b65d4c6fd257c72abe1e6eec1a75f34	684	2026-09-26T07:16:25Z
./iceus-2025-notices.md	5ef9e837e6d20ed7a8897f376fb2a8a93588e3066afe619047b39352e4e55a6f	19611	2026-09-26T07:32:01Z
./IFUS_2025_ExNotDelayedOpensAug25_20250728.pdf	2efe0b39ad99c1a0aa6abfcfa9db2f44bd1157564e73ec7cf6476d5ae65f3cc8	120566	2026-09-26T07:28:04Z
./IFUS_2025_ExNotDelayedOpensAug25_20250728.txt	b88d74f5174d8e2692c4b013285beae8dc60fc66eea613e832bcfa5ff86d418a	1603	2026-09-26T07:28:04Z
./IFUS_2025_ExNotDelayedOpensMay5_20250424.pdf	a737611d7dcc47d5dc3e06e70011e13695a63150b454cc1d23006ded64ab4c30	101933	2026-09-26T07:28:02Z
./IFUS_2025_ExNotDelayedOpensMay5_20250424.txt	89c27fbe990964ba1da453318b19fe96d57bed7275aab68e7d438ca49af64993	1621	2026-09-26T07:28:04Z
./IFUS_2025_GoodFridayHoliday20250210.pdf	18342cf005b428e18d15348d660126de3c9decb6b2ff93ffbc2fedefa116596c	118294	2026-09-26T07:16:32Z
./IFUS_2025_GoodFridayHoliday20250210.txt	7b9ade3992f60db9786f8085f727c268b0011aa7c8496d26b006a2658d54f60b	3672	2026-09-26T07:16:36Z
./IFUS_2025_JuneteenthHoliday_20250424.pdf	851ba17addf37f89007be95f8f3943ca0017204873bcf94522ad96cca68478d7	128667	2026-09-26T07:16:34Z
./IFUS_2025_JuneteenthHoliday_20250424.txt	13487fb8047a90330ce2b69ccbcf859e094b001de584829c73fdf50202637d21	6516	2026-09-26T07:16:37Z
./IFUS_2025_LaborDayHoliday_20250715.pdf	9768ce292b4c55c8171285444059a445a088e9ebc29058354ffbbf252373e036	126622	2026-09-26T07:21:20Z
./IFUS_2025_LaborDayHoliday_20250715.txt	077cc0b8ce79cc014dad39248246607e7c4921d4518710e9876ed072fa5672ad	5981	2026-09-26T07:21:21Z
./IFUS_2025_Memorial_DayHoliday_20250303.pdf	b06fbcb489331e7b9a2e4f7d2b092d63459771b1fb939e1c7ed6cd4a1b782fc7	130241	2026-09-26T07:21:21Z
./IFUS_2025_Memorial_DayHoliday_20250303.txt	2c0d606257de601be552545407b7dafd8651ca316a6024ad16cea3b3b3d1c6a6	6446	2026-09-26T07:21:21Z
./IFUS_2025_Thanksgiving_Holiday_updated.pdf	aa643597896431140300de04f60ea68c725dd1ad90e66f22d2cd5a9fe410d1db	160926	2026-09-26T07:21:20Z
./IFUS_2025_Thanksgiving_Holiday_updated.txt	b1fbe84b98754fba35e421e5161f64417424571ee9799d17568734c5d4f2c0d4	7278	2026-09-26T07:21:21Z
./IFUS_2025MLKDay_Holiday_20241203.pdf	d6e7a3c0672fee4364cd610c88e861f5175de1494a7bebd1d8df43a790ef0364	127116	2026-09-26T07:16:29Z
./IFUS_2025MLKDay_Holiday_20241203.txt	8d670fdf6e41bd33adf33ef1fbc634e344dfcca0156349ef799fc07b5f25b8db	7557	2026-09-26T07:16:36Z
./IFUS_2025PresidentsDay_Holiday.pdf	9c5946b286419b3670147e35c8dd752634b050cccd26fc564bccbf3f3fdf57b1	125171	2026-09-26T07:16:30Z
./IFUS_2025PresidentsDay_Holiday.txt	62f0861cb8a7777d9d9ffdb4bf058ef03e45fc8e4d600a14c05d0cfcf5940e4c	6797	2026-09-26T07:16:36Z
./IFUS_2026_NewYearHoliday_20251107.pdf	dbe530fd8933783b9779d237b2f7118fe3c6517d7cfddfd76197f12788ca2b98	122411	2026-09-26T07:21:21Z
./IFUS_2026_NewYearHoliday_20251107.txt	5b07c0572b07640ac3e106320d90f57681afb30e236f51284577bacfc2275183	6115	2026-09-26T07:21:21Z
./IFUS_Trading_Hours_Holiday_Calendar_20250120.pdf	ae956d5e67dffaf64333ff8ddc776a2470d06c8a70bb5a7f2cdb1505df419cae	131799	2026-09-26T07:16:48Z
./IFUS_Trading_Hours_Holiday_Calendar_20250120.txt	38d328fb00f4b86710f4c043ead02fe22455b6991591dfecc87dd14393d2d212	8312	2026-09-26T07:16:57Z
./IFUS_Trading_Hours_Holiday_Calendar_20250523.pdf	0add2b10e7d6cb2a35b727db654e4ea87ed30970ec637f53e62dd044f553d049	131779	2026-09-26T07:16:50Z
./IFUS_Trading_Hours_Holiday_Calendar_20250523.txt	2c9e08d859f087bf1fe1ec518c36096a97f9ab3ead1d4d8dec3748d611568186	8485	2026-09-26T07:16:57Z
./IFUS_Trading_Hours_Holiday_Calendar_20260114.pdf	da97503545a3fb7607948367d30896685e220b36abed24aa02bbe1a21acb2817	113821	2026-09-26T07:16:54Z
./IFUS_Trading_Hours_Holiday_Calendar_20260114.txt	12d96c5dadf1cdae92ddb79ac307be7f5c166745549da6a0dcbd21eae3d5daa8	8354	2026-09-26T07:16:57Z
./INDEX.md	a89c50fc49c798da0c99f19609a152b0cab4490fafb3b6a8727cf4c26ffc768f	18251	2026-09-26T07:32:33Z
./probes/chunk_main.js	3c543165bc4d3f2bc9149c78f3f792d873c39b9df030c4ab696deeb105c6bc10	133357	2026-09-26T07:20:48Z
./probes/chunk_rc.js	80c3fe2ae1062abf56456f52518bd670f9ec3917b7f85e152b347ac6b6faf880	196	2026-09-26T07:21:07Z
./probes/chunk_report.js	80c3fe2ae1062abf56456f52518bd670f9ec3917b7f85e152b347ac6b6faf880	196	2026-09-26T07:20:51Z
./probes/hydrate.js	d842d4a8fcac12338d14a9a906122bd3da91e12801034d149da7cfca241aa690	225115	2026-09-26T07:21:11Z
./probes/negative_wayback_replay_404_IFUS_2026_ExNotDelayedOpensMay4.html	2804240172e808adb06db617b9a403fe1998f7ac1472cf6208e29e32ceb542e2	4741	2026-09-26T07:28:10Z
./probes/notices_index_20250430.html	504e4fc64383aed82cf8312941e38b6105cd5450e18bf27d41b70526dcf2e47b	101900	2026-09-26T07:18:37Z
./probes/notices_index_20251110.html	3302ba6384b251c7e9ec70690cb37d5101127b6c6569b0e1679a076045206f26	97848	2026-09-26T07:18:36Z
./probes/notices_index_20251223.html	b1c27189bd12a4432dfc1b1b40b1cfc2b5d6c388a0e5c277344a535b40aa1490	21195	2026-09-26T07:18:35Z
./probes/notices_live_reader.md	22e21c904371b21706b68e08fcb725d674fe644aa3a5a83d389626a0f368ecc5	5770	2026-09-26T07:20:44Z
./probes/probe_dirlist.html	80c3fe2ae1062abf56456f52518bd670f9ec3917b7f85e152b347ac6b6faf880	196	2026-09-26T07:17:28Z
./probes/probe_robots.txt	f0eeea2d957bf01835713ed443da5d043364c214c8b991034e3452fd0ec5876f	308	2026-09-26T07:19:00Z
./probes/probe_search.html	fcaef6e69ff0d7532cf70086acfbb13861305252f49a85f6a3c7a6a050e8980b	66019	2026-09-26T07:27:48Z
./probes/probe_sitemap.xml	593e8e63ed7815252330d14ea9bda36b639e17340893ea4c7dc178c367022338	1401226	2026-09-26T07:19:00Z
./probes/probe_www.ice.com_futures-us_notices.html	cc6937d7c4aaea037c4c28a271d6908f687d52f9147800d9e7548e582245d2c5	85418	2026-09-26T07:17:08Z
./probes/probe_www.ice.com_holiday-hours.html	f8a0214a4458fe5b4972f63e99de055d22d38ca46cdcf978cc0c3b6004ff49b2	96295	2026-09-26T07:17:09Z
./probes/probe_www.theice.com_futures-us_notices.html	cc6937d7c4aaea037c4c28a271d6908f687d52f9147800d9e7548e582245d2c5	85418	2026-09-26T07:17:08Z
./probes/rc_main.js	80c3fe2ae1062abf56456f52518bd670f9ec3917b7f85e152b347ac6b6faf880	196	2026-09-26T07:24:02Z
