code	contract	T Session	T+1 Session
FEF	SGX TSI Iron Ore CFR China (62% FE FINES) Index Futures	8.00am to 7.55 pm	8.15pm to 4.45am
FEFO	SGX Options on TSI Iron Ore CFR China (62% FE FINES) Index Futures	8.00am to 8.00 pm	8.15pm to 4.45am
LPF	SGX Iron Ore (Lump Premium) Futures	8.00am to 7.55 pm	8.15pm to 4.45am
T58F	SGX TSI Iron Ore CFR China (58% FE FINES) Futures	8.00am to 7.55 pm	8.15pm to 4.45am
M58F	SGX MB IRON ORE CFR China (58% FE FINES) Futures	8.00am to 7.55 pm	8.15pm to 4.45am
ACF	SGX FOB Australia Premium JM 25 Coking Coal Futures	8.00am to 7.55 pm	8.15pm to 4.45am
CCF	SGX CFR China Premium JM 25 Coking Coal Futures	8.00am to 7.55 pm	8.15pm to 4.45am
HRF	SGX Hot Rolled Coil Steel CFR ASEAN Futures	8.00am to 7.55 pm	8.15pm to 4.45am
CVF	SGX Baltic Capesize Time Charter Average Futures	8.00am to 7.55 pm	8.15pm to 4.45am
CVFO	SGX Options on Baltic Capesize Time Charter Average Futures	8.00am to 8.00 pm	8.15pm to 4.45am
CWF	SGX Capesize Time Charter Average (5TC) Futures	8.00am to 7.55 pm	8.15pm to 4.45am
CWFO	SGX Options on Capsize Time Charter Average (5TC) Futures	8.00am to 8.00 pm	8.15pm to 4.45am
PVF	SGX Baltic Panamax Time Charter Average Futures	8.00am to 7.55 pm	8.15pm to 4.45am
PVFO	SGX Options on Baltic Panamax Time Charter Average Futures	8.00am to 8.00 pm	8.15pm to 4.45am
SVF	SGX Baltic Supramax Time Charter Average Futures	8.00am to 7.55 pm	8.15pm to 4.45am
SVFO	SGX Options on Baltic Supramax Time Charter Average Futures	8.00am to 8.00 pm	8.15pm to 4.45am
HVF	SGX Baltic Handysize Time Charter Average Futures	8.00am to 7.55 pm	8.15pm to 4.45am
HVFO	SGX Options on Baltic Handysize Time Charter Average Futures	8.00am to 8.00 pm	8.15pm to 4.45am
C5F	SGX Baltic Capesize Voyage C5 Route Futures	8.00am to 7.55 pm	8.15pm to 4.45am
2AF	SGX Panamax Route P2A Time Charter Futures	8.00am to 7.55 pm	8.15pm to 4.45am
3AF	SGX Panamax Route P3A Time Charter Futures	8.00am to 7.55 pm	8.15pm to 4.45am
4CF	SGX API 4 FOB Richards Bay Coal Futures	8.00am to 7.55 pm	8.15pm to 4.45am
5CF	SGX API 5 FOB Newcastle Coal Futures	8.00am to 7.55 pm	8.15pm to 4.45am
CIF	SGX Indonesian Sub-Bit FOB Coal Futures	8.00am to 7.55 pm	8.15pm to 4.45am
RT	SGX SICOM RSS3 Rubber Futures	7.55am to 6.00 pm	None
TF	SGX TSR20 Rubber Futures	7.55am to 6.00 pm	None
FB	SGX Fuel Oil 380 cst Futures	9.30am to 6.30 pm	6.45pm to 4.45am
PXF	SGX PX CFR China Futures	8.00am to 7.55 pm	8.15pm to 4.45am
PECF	SGX ICIS LLDPE CFR China Index Futures	8.00am to 7.55 pm	8.15pm to 4.45am
PESF	SGX ICIS LLDPE CFR S.E.ASIA Index Futures	8.00am to 7.55 pm	8.15pm to 4.45am
PPCF	SGX ICIS PP Flat Yarn (RAFFIA) CFR China Index Futures	8.00am to 7.55 pm	8.15pm to 4.45am
PPSF	SGX ICIS PP Flat Yarn (RAFFIA) CFR S.E.Asia Index Futures	8.00am to 7.55 pm	8.15pm to 4.45am
1MF	SGX Platts Singapore Fuel oil 180CST Index Futures	8.00am to 7.55 pm	8.15pm to 4.45am
3MF	SGX Platts Singapore Fuel Oil 380CST INDEX	8.00am to 7.55 pm	8.15pm to 4.45am
NJF	SGX Platts Naphtha CFR Japan Index Futures	8.00am to 7.55 pm	8.15pm to 4.45am
VCF	SGX Singapore Visco Spread Futures	8.00am to 7.55 pm	8.15pm to 4.45am
GOF	SGX Platts Gasoil FOB Singapore Index Futures	8.00am to 7.55 pm	8.15pm to 4.45am
BZF	SGX Platts Benzene FOB Korea Futures	8.00am to 7.55 pm	8.15pm to 4.45am
EF	SGX Electricity Futures	2.00pm to 5.00 pm	None
LNF	SGX Sling Index Futures	8.00am to 7.55 pm	8.15 pm to 4.45am
GD	Singapore Kilobar Gold Contract	9.00am to 3.30 pm	None
ND	SGX Nikkei Stock Average Dividend Point Index Futures	7.30 am to 5.55 pm	6.25 pm to 4.45 am
AJ	SGX AUD/JPY Futures	7:00 am to 7:30 pm	7:50 pm to 4:45 am
AU	SGX AUD/USD Futures	7:00 am to 7:30 pm	7:50 pm to 4:45 am
CY	SGX CNY/USD Futures	7:00 am to 5:55 pm	6:15 pm to 4:45 am
EC	SGX EUR/CNH Futures	7:00 am to 5:55 pm	6:15 pm to 4:45 am
IU	SGX INR/USD Futures	7:00 am to 7:30 pm	7:50 pm to 4:45 am
IUO	SGX INR/USD Options	7:00 am to 7:35 pm	7:50 pm to 4:45 am
KJ	SGX KRW/JPY Futures	7:00 am to 7:30 pm	7:50 pm to 4:45 am
KU	SGX KRW/USD Futures	7:00 am to 7:30 pm	7:50 pm to 4:45 am
US	SGX USD/SGD Futures	7:00 am to 7:30 pm	7:50 pm to 4:45 am
UC	SGX USD/CNH Futures	7:00 am to 5:55 pm	6:15 pm to 4:45 am
UCO	SGX USD/CNH Options	7:00 am to 6:00 pm	6:15 pm to 4:45 am
SY	SGX SGD/CNH Futures	7:00 am to 5:55 pm	6:15 pm to 4:45 am
TD	SGX TWD/USD Futures	7:00 am to 5:55 pm	6:15 pm to 4:45 am
TU	SGX THB/USD Futures	7:00 am to 5:55 pm	6:15 pm to 4:45 am
UJ	SGX USD/JPY (Titan) Futures	7:00 am to 5:55 pm	6:15 pm to 4:45 am
UY	SGX USD/JPY (Standard) Futures	7:00 am to 5:55 pm	6:15 pm to 4:45 am
YS	SGX CNY/SGD Futures	7:00 am to 5:55 pm	6:15 pm to 4:45 am
CH	SGX MSCI China Index Futures	9:00 am to 4:30 pm	5.00 pm to 4.45 am
CHO	SGX MSCI China Index Options	9.00 am to 4.35 pm	5.00 pm to 4.45 am
CN	FTSE China A50 Index Futures	9:00 am to 4:30 pm	5.00 pm to 4.45 am
ID	SGX MSCI Indonesia Index Futures	9:00 am to 5:25 pm	5.55 pm to 4.45 am
IN	SGX Nifty 50 Index Futures	9.00am to 6.10 pm	6.40 pm to 4.45 am
INO	SGX Nifty 50 Index Options	9.00 am to 6.15 pm	6.40 pm to 4.45 am
INB	SGX Nifty Bank Index Futures	9.00am to 6.10 pm	6.40 pm to 4.45 am
INQ	SGX Nifty Midcap 50 Index Futures	9.00am to 6.10 pm	6.40 pm to 4.45 am
INI	SGX Nifty IT Index Futures	9.00am to 6.10 pm	6.40 pm to 4.45 am
ING	SGX Nifty CPSE Index Futures	9.00am to 6.10 pm	6.40 pm to 4.45 am
MD	SGX MSCI India Index Futures	9.00am to 6.10 pm	6.40 pm to 4.45 am
MY	SGX MSCI Malaysia Index Futures	8.30am to 5.25 pm	5.55 pm to 4.45 am
NK	SGX Nikkei 225 Index Futures	7.30 am to 2.25 pm	2.55 pm to 4.45 am
NKO	SGX Nikkei 225 Index Options	7.30 am to 2.30 pm	2.55 pm to 4.45 am
NS	SGX Mini Nikkei 225 Index Futures	7.30 am to 2.25 pm	2.55 pm to 4.45 am
NU	SGX USD Nikkei 225 Index Futures	7.30 am to 2.25 pm	2.55 pm to 4.45 am
PH	SGX-PSE MSCI Philippines Futures	9.00am to 3.40 pm	4.10 pm to 4.45 am
SGP	SGX MSCI Singapore Index Futures	8.30am to 5.10 pm	5.40 pm to 4.45 am
SGPO	SGX MSCI Singapore Index Options	8.30 am to 5.15 pm	5.40 pm to 4.45 am
ST	SGX Straits Times Index Futures	8.30am to 5.10 pm	5.40 pm to 4.45 am
TH	SGX MSCI Thailand Index Futures	9.00am to 6.05 pm	6.35 pm to 4.45 am
TW	SGX MSCI Taiwan Index Futures	8.45 am to 1.45 pm	2.15 pm to 4.45 am
TWO	SGX MSCI Taiwan Index Options	8.45 am to 1.50 pm	2.15 pm to 4.45 am
ED	SGX Eurodollar Futures	7:45 am to 7:00 pm	None
EY	SGX Euroyen Tibor Futures	7:40 am to 7:05 pm	7:20 pm to 4:45 am
EYO	SGX Euroyen (TIBOR) Options	7.40 am to 7.05 pm	7.20 pm to 4.45 am
JB	SGX Mini 10-Years Japanese Government Bond Futures	7:45 am to 5:10 pm	5:30 pm to 4:45 am
JBO	SGX Mini 10-Years Japanese Government Bond Options	7.45 am to 5.15 pm	5.30 pm to 4.45 am
JG	SGX 10-Years Japanese Government Bond Futures	7:45 am to 5:10 pm	5:30 pm to 4:45 am
