20180101	20260210064924	https://www.cmegroup.com/notices/electronic-trading/2018/01/20180101.html
20180105	20260208082056	https://www.cmegroup.com/notices/electronic-trading/2018/01/20180105.html
20180108	20180114210947	http://www.cmegroup.com:80/notices/electronic-trading/2018/01/20180108.html?
20180115	20180122015357	http://www.cmegroup.com:80/notices/electronic-trading/2018/01/20180115.html?
20180122	20260213160536	https://www.cmegroup.com/notices/electronic-trading/2018/01/20180122.html
20180129	20180204185537	http://www.cmegroup.com:80/notices/electronic-trading/2018/01/20180129.html?
20180202	20260212170310	https://www.cmegroup.com/notices/electronic-trading/2018/02/20180202.html
20180205	20180212151248	http://www.cmegroup.com:80/notices/electronic-trading/2018/02/20180205.html?
20180212	20180218125122	http://www.cmegroup.com:80/notices/electronic-trading/2018/02/20180212.html?
20180219	20260214035038	https://www.cmegroup.com/notices/electronic-trading/2018/02/20180219.html
20180226	20180419171416	http://www.cmegroup.com:80/notices/electronic-trading/2018/02/20180226.html
20180305	20180311070610	http://www.cmegroup.com:80/notices/electronic-trading/2018/03/20180305.html?
20180312	20180318034744	http://www.cmegroup.com:80/notices/electronic-trading/2018/03/20180312.html?
20180319	20180324232512	http://www.cmegroup.com:80/notices/electronic-trading/2018/03/20180319.html?
20180326	20180331204658	http://www.cmegroup.com:80/notices/electronic-trading/2018/03/20180326.html?
20180402	20180408231640	http://www.cmegroup.com:80/notices/electronic-trading/2018/04/20180402.html?
20180409	20180426211205	http://www.cmegroup.com:80/notices/electronic-trading/2018/04/20180409.html
20180416	20180426100831	http://www.cmegroup.com:80/notices/electronic-trading/2018/04/20180416.html?
20180420	20260217205822	https://www.cmegroup.com/notices/electronic-trading/2018/04/20180420.html
20180423	20220118232057	https://www.cmegroup.com/notices/electronic-trading/2018/04/20180423.html?
20180430	20180507063907	http://www.cmegroup.com:80/notices/electronic-trading/2018/04/20180430.html
20180507	20180601022141	http://www.cmegroup.com:80/notices/electronic-trading/2018/05/20180507.html
20180514	20180520011002	http://www.cmegroup.com:80/notices/electronic-trading/2018/05/20180514.html
20180521	20260215020604	https://www.cmegroup.com/notices/electronic-trading/2018/05/20180521.html
20180528	20180609120653	http://www.cmegroup.com:80/notices/electronic-trading/2018/05/20180528.html
20180604	20260210053735	https://www.cmegroup.com/notices/electronic-trading/2018/06/20180604.html
20180611	20260214035539	https://www.cmegroup.com/notices/electronic-trading/2018/06/20180611.html
20180618	20260213040250	https://www.cmegroup.com/notices/electronic-trading/2018/06/20180618.html
20180622	20260207203717	https://www.cmegroup.com/notices/electronic-trading/2018/06/20180622.html
20180625	20260208110540	https://www.cmegroup.com/notices/electronic-trading/2018/06/20180625.html
20180702	20260213193214	https://www.cmegroup.com/notices/electronic-trading/2018/07/20180702.html
20180709	20260209085129	https://www.cmegroup.com/notices/electronic-trading/2018/07/20180709.html
20180716	20260212044150	https://www.cmegroup.com/notices/electronic-trading/2018/07/20180716.html
20180723	20260217183501	https://www.cmegroup.com/notices/electronic-trading/2018/07/20180723.html
20180730	20260217001258	https://www.cmegroup.com/notices/electronic-trading/2018/07/20180730.html
20180806	20260218145225	https://www.cmegroup.com/notices/electronic-trading/2018/08/20180806.html
20180813	20260218085958	https://www.cmegroup.com/notices/electronic-trading/2018/08/20180813.html
20180820	20260206190252	https://www.cmegroup.com/notices/electronic-trading/2018/08/20180820.html
20180827	20260211220620	https://www.cmegroup.com/notices/electronic-trading/2018/08/20180827.html
20180903	20260214052421	https://www.cmegroup.com/notices/electronic-trading/2018/09/20180903.html
20180910	20260217190032	https://www.cmegroup.com/notices/electronic-trading/2018/09/20180910.html
20180917	20181008120457	https://www.cmegroup.com/notices/electronic-trading/2018/09/20180917.html
20180924	20260213034601	https://www.cmegroup.com/notices/electronic-trading/2018/09/20180924.html
20181001	20260218114836	https://www.cmegroup.com/notices/electronic-trading/2018/10/20181001.html
20181008	20260216173933	https://www.cmegroup.com/notices/electronic-trading/2018/10/20181008.html
20181015	20260217211244	https://www.cmegroup.com/notices/electronic-trading/2018/10/20181015.html
20181022	20260209183012	https://www.cmegroup.com/notices/electronic-trading/2018/10/20181022.html
20181029	20260213232326	https://www.cmegroup.com/notices/electronic-trading/2018/10/20181029.html
20181105	20260218022613	https://www.cmegroup.com/notices/electronic-trading/2018/11/20181105.html
20181112	20260218023215	https://www.cmegroup.com/notices/electronic-trading/2018/11/20181112.html
20181119	20260211215312	https://www.cmegroup.com/notices/electronic-trading/2018/11/20181119.html
20181126	20260213164118	https://www.cmegroup.com/notices/electronic-trading/2018/11/20181126.html
20181203	20260213194148	https://www.cmegroup.com/notices/electronic-trading/2018/12/20181203.html
20181210	20260208084833	https://www.cmegroup.com/notices/electronic-trading/2018/12/20181210.html
20181217	20260207020642	https://www.cmegroup.com/notices/electronic-trading/2018/12/20181217.html
20181224	20260211065849	https://www.cmegroup.com/notices/electronic-trading/2018/12/20181224.html
20181231	20260215060151	https://www.cmegroup.com/notices/electronic-trading/2018/12/20181231.html
