20170605	20170612154330	http://www.cmegroup.com:80/notices/electronic-trading/2017/06/20170605.html?
20170612	20170618180354	http://www.cmegroup.com:80/notices/electronic-trading/2017/06/20170612.html?
20170619	20170625220252	http://www.cmegroup.com:80/notices/electronic-trading/2017/06/20170619.html?
20170626	20260213012304	https://www.cmegroup.com/notices/electronic-trading/2017/06/20170626.html
20170703	20170708202806	http://www.cmegroup.com:80/notices/electronic-trading/2017/07/20170703.html?
20170710	20170716003727	http://www.cmegroup.com:80/notices/electronic-trading/2017/07/20170710.html?
20170717	20170723175512	http://www.cmegroup.com:80/notices/electronic-trading/2017/07/20170717.html?
20170724	20170802032046	http://www.cmegroup.com:80/notices/electronic-trading/2017/07/20170724.html
20170731	20170831072516	http://www.cmegroup.com:80/notices/electronic-trading/2017/07/20170731.html
20170807	20170814012243	http://www.cmegroup.com:80/notices/electronic-trading/2017/08/20170807.html?
20170821	20170827050526	http://www.cmegroup.com:80/notices/electronic-trading/2017/08/20170821.html?
20170828	20170909042049	http://www.cmegroup.com:80/notices/electronic-trading/2017/08/20170828.html
20170904	20170911051829	http://www.cmegroup.com:80/notices/electronic-trading/2017/09/20170904.html?
20170911	20170917070332	http://www.cmegroup.com:80/notices/electronic-trading/2017/09/20170911.html?
20170918	20170924210244	http://www.cmegroup.com:80/notices/electronic-trading/2017/09/20170918.html?
20170925	20260217175923	https://www.cmegroup.com/notices/electronic-trading/2017/09/20170925.html
20170928	20260215195222	https://www.cmegroup.com/notices/electronic-trading/2017/09/20170928.html
20171002	20171010080511	http://www.cmegroup.com:80/notices/electronic-trading/2017/10/20171002.html
20171009	20260210214129	https://www.cmegroup.com/notices/electronic-trading/2017/10/20171009.html
20171016	20171023092340	http://www.cmegroup.com:80/notices/electronic-trading/2017/10/20171016.html?
20171023	20171029134948	http://www.cmegroup.com:80/notices/electronic-trading/2017/10/20171023.html?
20171030	20260211035536	https://www.cmegroup.com/notices/electronic-trading/2017/10/20171030.html
20171106	20171112173006	http://www.cmegroup.com:80/notices/electronic-trading/2017/11/20171106.html?
20171113	20260214015320	https://www.cmegroup.com/notices/electronic-trading/2017/11/20171113.html
20171116	20171117080938	http://www.cmegroup.com/notices/electronic-trading/2017/11/20171116.html
20171120	20260212185434	https://www.cmegroup.com/notices/electronic-trading/2017/11/20171120.html
20171127	20171204024920	http://www.cmegroup.com:80/notices/electronic-trading/2017/11/20171127.html?
20171204	20171211155100	http://www.cmegroup.com:80/notices/electronic-trading/2017/12/20171204.html?
20171211	20171228145650	http://www.cmegroup.com:80/notices/electronic-trading/2017/12/20171211.html?
20171218	20171228145655	http://www.cmegroup.com:80/notices/electronic-trading/2017/12/20171218.html?
20171225	20171231170555	http://www.cmegroup.com:80/notices/electronic-trading/2017/12/20171225.html?
20180101	20260210064924	https://www.cmegroup.com/notices/electronic-trading/2018/01/20180101.html
20180105	20260208082056	https://www.cmegroup.com/notices/electronic-trading/2018/01/20180105.html
20180108	20180114210947	http://www.cmegroup.com:80/notices/electronic-trading/2018/01/20180108.html?
20180115	20180122015357	http://www.cmegroup.com:80/notices/electronic-trading/2018/01/20180115.html?
20180122	20260213160536	https://www.cmegroup.com/notices/electronic-trading/2018/01/20180122.html
20180129	20180204185537	http://www.cmegroup.com:80/notices/electronic-trading/2018/01/20180129.html?
20180202	20260212170310	https://www.cmegroup.com/notices/electronic-trading/2018/02/20180202.html
20180205	20180212151248	http://www.cmegroup.com:80/notices/electronic-trading/2018/02/20180205.html?
20180212	20180218125122	http://www.cmegroup.com:80/notices/electronic-trading/2018/02/20180212.html?
20180219	20260214035038	https://www.cmegroup.com/notices/electronic-trading/2018/02/20180219.html
20180226	20180419171416	http://www.cmegroup.com:80/notices/electronic-trading/2018/02/20180226.html
20180305	20180311070610	http://www.cmegroup.com:80/notices/electronic-trading/2018/03/20180305.html?
20180312	20180318034744	http://www.cmegroup.com:80/notices/electronic-trading/2018/03/20180312.html?
20180319	20180324232512	http://www.cmegroup.com:80/notices/electronic-trading/2018/03/20180319.html?
20180326	20180331204658	http://www.cmegroup.com:80/notices/electronic-trading/2018/03/20180326.html?
20180402	20180408231640	http://www.cmegroup.com:80/notices/electronic-trading/2018/04/20180402.html?
20180409	20180426211205	http://www.cmegroup.com:80/notices/electronic-trading/2018/04/20180409.html
20180416	20180426100831	http://www.cmegroup.com:80/notices/electronic-trading/2018/04/20180416.html?
20180420	20260217205822	https://www.cmegroup.com/notices/electronic-trading/2018/04/20180420.html
20180423	20220118232057	https://www.cmegroup.com/notices/electronic-trading/2018/04/20180423.html?
20180430	20180507063907	http://www.cmegroup.com:80/notices/electronic-trading/2018/04/20180430.html
20180507	20180601022141	http://www.cmegroup.com:80/notices/electronic-trading/2018/05/20180507.html
20180514	20180520011002	http://www.cmegroup.com:80/notices/electronic-trading/2018/05/20180514.html
20180521	20260215020604	https://www.cmegroup.com/notices/electronic-trading/2018/05/20180521.html
20180528	20180609120653	http://www.cmegroup.com:80/notices/electronic-trading/2018/05/20180528.html
20180604	20260210053735	https://www.cmegroup.com/notices/electronic-trading/2018/06/20180604.html
20180611	20260214035539	https://www.cmegroup.com/notices/electronic-trading/2018/06/20180611.html
20180618	20260213040250	https://www.cmegroup.com/notices/electronic-trading/2018/06/20180618.html
20180622	20260207203717	https://www.cmegroup.com/notices/electronic-trading/2018/06/20180622.html
20180625	20260208110540	https://www.cmegroup.com/notices/electronic-trading/2018/06/20180625.html
20180702	20260213193214	https://www.cmegroup.com/notices/electronic-trading/2018/07/20180702.html
20180709	20260209085129	https://www.cmegroup.com/notices/electronic-trading/2018/07/20180709.html
20180716	20260212044150	https://www.cmegroup.com/notices/electronic-trading/2018/07/20180716.html
20180723	20260217183501	https://www.cmegroup.com/notices/electronic-trading/2018/07/20180723.html
20180730	20260217001258	https://www.cmegroup.com/notices/electronic-trading/2018/07/20180730.html
20180806	20260218145225	https://www.cmegroup.com/notices/electronic-trading/2018/08/20180806.html
20180813	20260218085958	https://www.cmegroup.com/notices/electronic-trading/2018/08/20180813.html
20180820	20260206190252	https://www.cmegroup.com/notices/electronic-trading/2018/08/20180820.html
20180827	20260211220620	https://www.cmegroup.com/notices/electronic-trading/2018/08/20180827.html
